date,tanker_type,direction,dwt,boe
2025-05-28,Chemical / Products Tanker,both,394056.0,
2025-05-29,Chemical / Products Tanker,both,993258.0,
2025-05-30,Chemical / Products Tanker,both,985640.0,
2025-05-31,Chemical / Products Tanker,both,788154.0,
2025-06-01,Chemical / Products Tanker,both,371355.0,
2025-06-02,Chemical / Products Tanker,both,691748.0,
2025-06-03,Chemical / Products Tanker,both,592326.0,
2025-06-04,Chemical / Products Tanker,both,1050883.0,
2025-06-05,Chemical / Products Tanker,both,701777.0,
2025-06-06,Chemical / Products Tanker,both,671101.0,
2025-06-07,Chemical / Products Tanker,both,765508.0,
2025-06-08,Chemical / Products Tanker,both,501374.0,
2025-06-09,Chemical / Products Tanker,both,893503.0,
2025-06-10,Chemical / Products Tanker,both,679471.0,
2025-06-11,Chemical / Products Tanker,both,811088.0,
2025-06-12,Chemical / Products Tanker,both,787094.0,
2025-06-13,Chemical / Products Tanker,both,657239.0,
2025-06-14,Chemical / Products Tanker,both,1031788.0,
2025-06-15,Chemical / Products Tanker,both,1183522.0,
2025-06-16,Chemical / Products Tanker,both,910694.0,
2025-06-17,Chemical / Products Tanker,both,705914.0,
2025-06-18,Chemical / Products Tanker,both,623632.0,
2025-06-19,Chemical / Products Tanker,both,721669.0,
2025-06-20,Chemical / Products Tanker,both,614427.0,
2025-06-21,Chemical / Products Tanker,both,745520.0,
2025-06-22,Chemical / Products Tanker,both,930284.0,
2025-06-23,Chemical / Products Tanker,both,536219.0,
2025-06-24,Chemical / Products Tanker,both,1042202.0,
2025-06-25,Chemical / Products Tanker,both,871760.0,
2025-06-26,Chemical / Products Tanker,both,653524.0,
2025-06-27,Chemical / Products Tanker,both,938265.0,
2025-06-28,Chemical / Products Tanker,both,1117186.0,
2025-06-29,Chemical / Products Tanker,both,713969.0,
2025-06-30,Chemical / Products Tanker,both,561004.0,
2025-07-01,Chemical / Products Tanker,both,673046.0,
2025-07-02,Chemical / Products Tanker,both,611157.0,
2025-07-03,Chemical / Products Tanker,both,749553.0,
2025-07-04,Chemical / Products Tanker,both,916658.0,
2025-07-05,Chemical / Products Tanker,both,865204.0,
2025-07-06,Chemical / Products Tanker,both,960504.0,
2025-07-07,Chemical / Products Tanker,both,311367.0,
2025-07-08,Chemical / Products Tanker,both,556463.0,
2025-07-09,Chemical / Products Tanker,both,760378.0,
2025-07-10,Chemical / Products Tanker,both,1105944.0,
2025-07-11,Chemical / Products Tanker,both,604803.0,
2025-07-12,Chemical / Products Tanker,both,701703.0,
2025-07-13,Chemical / Products Tanker,both,582628.0,
2025-07-14,Chemical / Products Tanker,both,807768.0,
2025-07-15,Chemical / Products Tanker,both,638871.0,
2025-07-16,Chemical / Products Tanker,both,475688.0,
2025-07-17,Chemical / Products Tanker,both,599458.0,
2025-07-18,Chemical / Products Tanker,both,602554.0,
2025-07-19,Chemical / Products Tanker,both,613735.0,
2025-07-20,Chemical / Products Tanker,both,843412.0,
2025-07-21,Chemical / Products Tanker,both,858326.0,
2025-07-22,Chemical / Products Tanker,both,739974.0,
2025-07-23,Chemical / Products Tanker,both,751591.0,
2025-07-24,Chemical / Products Tanker,both,858467.0,
2025-07-25,Chemical / Products Tanker,both,486986.0,
2025-07-26,Chemical / Products Tanker,both,787714.0,
2025-07-27,Chemical / Products Tanker,both,710378.0,
2025-07-28,Chemical / Products Tanker,both,793696.0,
2025-07-29,Chemical / Products Tanker,both,544806.0,
2025-07-30,Chemical / Products Tanker,both,906956.0,
2025-07-31,Chemical / Products Tanker,both,539129.0,
2025-08-01,Chemical / Products Tanker,both,716693.0,
2025-08-02,Chemical / Products Tanker,both,552962.0,
2025-08-03,Chemical / Products Tanker,both,777259.0,
2025-08-04,Chemical / Products Tanker,both,476608.0,
2025-08-05,Chemical / Products Tanker,both,1204587.0,
2025-08-06,Chemical / Products Tanker,both,381086.0,
2025-08-07,Chemical / Products Tanker,both,420175.0,
2025-08-08,Chemical / Products Tanker,both,912706.0,
2025-08-09,Chemical / Products Tanker,both,977326.0,
2025-08-10,Chemical / Products Tanker,both,595604.0,
2025-08-11,Chemical / Products Tanker,both,584626.0,
2025-08-12,Chemical / Products Tanker,both,1012595.0,
2025-08-13,Chemical / Products Tanker,both,678536.0,
2025-08-14,Chemical / Products Tanker,both,678253.0,
2025-08-15,Chemical / Products Tanker,both,1022385.0,
2025-08-16,Chemical / Products Tanker,both,471459.0,
2025-08-17,Chemical / Products Tanker,both,702649.0,
2025-08-18,Chemical / Products Tanker,both,819873.0,
2025-08-19,Chemical / Products Tanker,both,803084.0,
2025-08-20,Chemical / Products Tanker,both,899257.0,
2025-08-21,Chemical / Products Tanker,both,818468.0,
2025-08-22,Chemical / Products Tanker,both,981355.0,
2025-08-23,Chemical / Products Tanker,both,793868.0,
2025-08-24,Chemical / Products Tanker,both,500707.0,
2025-08-25,Chemical / Products Tanker,both,624958.0,
2025-08-26,Chemical / Products Tanker,both,731496.0,
2025-08-27,Chemical / Products Tanker,both,1028604.0,
2025-08-28,Chemical / Products Tanker,both,976595.0,
2025-08-29,Chemical / Products Tanker,both,759296.0,
2025-08-30,Chemical / Products Tanker,both,934714.0,
2025-08-31,Chemical / Products Tanker,both,517052.0,
2025-09-01,Chemical / Products Tanker,both,1063060.0,
2025-09-02,Chemical / Products Tanker,both,893667.0,
2025-09-03,Chemical / Products Tanker,both,982435.0,
2025-09-04,Chemical / Products Tanker,both,1111767.0,
2025-09-05,Chemical / Products Tanker,both,1296164.0,
2025-09-06,Chemical / Products Tanker,both,634982.0,
2025-09-07,Chemical / Products Tanker,both,763021.0,
2025-09-08,Chemical / Products Tanker,both,697044.0,
2025-09-09,Chemical / Products Tanker,both,1078795.0,
2025-09-10,Chemical / Products Tanker,both,495456.0,
2025-09-11,Chemical / Products Tanker,both,861121.0,
2025-09-12,Chemical / Products Tanker,both,961698.0,
2025-09-13,Chemical / Products Tanker,both,727542.0,
2025-09-14,Chemical / Products Tanker,both,887018.0,
2025-09-15,Chemical / Products Tanker,both,515249.0,
2025-09-16,Chemical / Products Tanker,both,1099894.0,
2025-09-17,Chemical / Products Tanker,both,600305.0,
2025-09-18,Chemical / Products Tanker,both,1106864.0,
2025-09-19,Chemical / Products Tanker,both,858641.0,
2025-09-20,Chemical / Products Tanker,both,1150190.0,
2025-09-21,Chemical / Products Tanker,both,846522.0,
2025-09-22,Chemical / Products Tanker,both,424579.0,
2025-09-23,Chemical / Products Tanker,both,1118272.0,
2025-09-24,Chemical / Products Tanker,both,627363.0,
2025-09-25,Chemical / Products Tanker,both,691309.0,
2025-09-26,Chemical / Products Tanker,both,735964.0,
2025-09-27,Chemical / Products Tanker,both,1005897.0,
2025-09-28,Chemical / Products Tanker,both,982243.0,
2025-09-29,Chemical / Products Tanker,both,1280465.0,
2025-09-30,Chemical / Products Tanker,both,697931.0,
2025-10-01,Chemical / Products Tanker,both,1026437.0,
2025-10-02,Chemical / Products Tanker,both,602997.0,
2025-10-03,Chemical / Products Tanker,both,644868.0,
2025-10-04,Chemical / Products Tanker,both,991145.0,
2025-10-05,Chemical / Products Tanker,both,989610.0,
2025-10-06,Chemical / Products Tanker,both,630985.0,
2025-10-07,Chemical / Products Tanker,both,825454.0,
2025-10-08,Chemical / Products Tanker,both,788268.0,
2025-10-09,Chemical / Products Tanker,both,1090876.0,
2025-10-10,Chemical / Products Tanker,both,478991.0,
2025-10-11,Chemical / Products Tanker,both,652600.0,
2025-10-12,Chemical / Products Tanker,both,659213.0,
2025-10-13,Chemical / Products Tanker,both,741529.0,
2025-10-14,Chemical / Products Tanker,both,782921.0,
2025-10-15,Chemical / Products Tanker,both,820322.0,
2025-10-16,Chemical / Products Tanker,both,461219.0,
2025-10-17,Chemical / Products Tanker,both,681076.0,
2025-10-18,Chemical / Products Tanker,both,701092.0,
2025-10-19,Chemical / Products Tanker,both,927613.0,
2025-10-20,Chemical / Products Tanker,both,926599.0,
2025-10-21,Chemical / Products Tanker,both,753257.0,
2025-10-22,Chemical / Products Tanker,both,603697.0,
2025-10-23,Chemical / Products Tanker,both,757594.0,
2025-10-24,Chemical / Products Tanker,both,1031306.0,
2025-10-25,Chemical / Products Tanker,both,708923.0,
2025-10-26,Chemical / Products Tanker,both,709705.0,
2025-10-27,Chemical / Products Tanker,both,972030.0,
2025-10-28,Chemical / Products Tanker,both,602844.0,
2025-10-29,Chemical / Products Tanker,both,766807.0,
2025-10-30,Chemical / Products Tanker,both,794523.0,
2025-10-31,Chemical / Products Tanker,both,422372.0,
2025-11-01,Chemical / Products Tanker,both,1103739.0,
2025-11-02,Chemical / Products Tanker,both,674833.0,
2025-11-03,Chemical / Products Tanker,both,756564.0,
2025-11-04,Chemical / Products Tanker,both,1449649.0,
2025-11-05,Chemical / Products Tanker,both,650746.0,
2025-11-06,Chemical / Products Tanker,both,800941.0,
2025-11-07,Chemical / Products Tanker,both,692564.0,
2025-11-08,Chemical / Products Tanker,both,891017.0,
2025-11-09,Chemical / Products Tanker,both,791661.0,
2025-11-10,Chemical / Products Tanker,both,549801.0,
2025-11-11,Chemical / Products Tanker,both,784149.0,
2025-11-12,Chemical / Products Tanker,both,1118310.0,
2025-11-13,Chemical / Products Tanker,both,607834.0,
2025-11-14,Chemical / Products Tanker,both,751570.0,
2025-11-15,Chemical / Products Tanker,both,624175.0,
2025-11-16,Chemical / Products Tanker,both,609709.0,
2025-11-17,Chemical / Products Tanker,both,862739.0,
2025-11-18,Chemical / Products Tanker,both,684295.0,
2025-11-19,Chemical / Products Tanker,both,1149302.0,
2025-11-20,Chemical / Products Tanker,both,1011963.0,
2025-11-21,Chemical / Products Tanker,both,865954.0,
2025-11-22,Chemical / Products Tanker,both,671227.0,
2025-11-23,Chemical / Products Tanker,both,908643.0,
2025-11-24,Chemical / Products Tanker,both,688494.0,
2025-11-25,Chemical / Products Tanker,both,811928.0,
2025-11-26,Chemical / Products Tanker,both,658650.0,
2025-11-27,Chemical / Products Tanker,both,650570.0,
2025-11-28,Chemical / Products Tanker,both,580825.0,
2025-11-29,Chemical / Products Tanker,both,576177.0,
2025-11-30,Chemical / Products Tanker,both,585629.0,
2025-12-01,Chemical / Products Tanker,both,762316.0,
2025-12-02,Chemical / Products Tanker,both,614223.0,
2025-12-03,Chemical / Products Tanker,both,809267.0,
2025-12-04,Chemical / Products Tanker,both,530861.0,
2025-12-05,Chemical / Products Tanker,both,757271.0,
2025-12-06,Chemical / Products Tanker,both,643235.0,
2025-12-07,Chemical / Products Tanker,both,708506.0,
2025-12-08,Chemical / Products Tanker,both,626442.0,
2025-12-09,Chemical / Products Tanker,both,966759.0,
2025-12-10,Chemical / Products Tanker,both,612432.0,
2025-12-11,Chemical / Products Tanker,both,940701.0,
2025-12-12,Chemical / Products Tanker,both,544813.0,
2025-12-13,Chemical / Products Tanker,both,625759.0,
2025-12-14,Chemical / Products Tanker,both,620656.0,
2025-12-15,Chemical / Products Tanker,both,541695.0,
2025-12-16,Chemical / Products Tanker,both,902006.0,
2025-12-17,Chemical / Products Tanker,both,823290.0,
2025-12-18,Chemical / Products Tanker,both,709144.0,
2025-12-19,Chemical / Products Tanker,both,694572.0,
2025-12-20,Chemical / Products Tanker,both,568910.0,
2025-12-21,Chemical / Products Tanker,both,266309.0,
2025-12-22,Chemical / Products Tanker,both,921529.0,
2025-12-23,Chemical / Products Tanker,both,665975.0,
2025-12-24,Chemical / Products Tanker,both,595642.0,
2025-12-25,Chemical / Products Tanker,both,582061.0,
2025-12-26,Chemical / Products Tanker,both,791539.0,
2025-12-27,Chemical / Products Tanker,both,580512.0,
2025-12-28,Chemical / Products Tanker,both,602437.0,
2025-12-29,Chemical / Products Tanker,both,720595.0,
2025-12-30,Chemical / Products Tanker,both,795727.0,
2025-12-31,Chemical / Products Tanker,both,583895.0,
2026-01-01,Chemical / Products Tanker,both,214868.0,
2026-01-02,Chemical / Products Tanker,both,652264.0,
2026-01-03,Chemical / Products Tanker,both,634534.0,
2026-01-04,Chemical / Products Tanker,both,585049.0,
2026-01-05,Chemical / Products Tanker,both,508824.0,
2026-01-06,Chemical / Products Tanker,both,541372.0,
2026-01-07,Chemical / Products Tanker,both,792199.0,
2026-01-08,Chemical / Products Tanker,both,509349.0,
2026-01-09,Chemical / Products Tanker,both,649518.0,
2026-01-10,Chemical / Products Tanker,both,996170.0,
2026-01-11,Chemical / Products Tanker,both,958606.0,
2026-01-12,Chemical / Products Tanker,both,518667.0,
2026-01-13,Chemical / Products Tanker,both,753599.0,
2026-01-14,Chemical / Products Tanker,both,744871.0,
2026-01-15,Chemical / Products Tanker,both,984258.0,
2026-01-16,Chemical / Products Tanker,both,594622.0,
2026-01-17,Chemical / Products Tanker,both,564250.0,
2026-01-18,Chemical / Products Tanker,both,617481.0,
2026-01-19,Chemical / Products Tanker,both,789284.0,
2026-01-20,Chemical / Products Tanker,both,551951.0,
2026-01-21,Chemical / Products Tanker,both,353951.0,
2026-01-22,Chemical / Products Tanker,both,361874.0,
2026-01-23,Chemical / Products Tanker,both,627445.0,
2026-01-24,Chemical / Products Tanker,both,831839.0,
2026-01-25,Chemical / Products Tanker,both,606561.0,
2026-01-26,Chemical / Products Tanker,both,1154599.0,
2026-01-27,Chemical / Products Tanker,both,718357.0,
2026-01-28,Chemical / Products Tanker,both,757625.0,
2026-01-29,Chemical / Products Tanker,both,796255.0,
2026-01-30,Chemical / Products Tanker,both,739634.0,
2026-01-31,Chemical / Products Tanker,both,626169.0,
2026-02-01,Chemical / Products Tanker,both,599693.0,
2026-02-02,Chemical / Products Tanker,both,594055.0,
2026-02-03,Chemical / Products Tanker,both,901814.0,
2026-02-04,Chemical / Products Tanker,both,838817.0,
2026-02-05,Chemical / Products Tanker,both,1110248.0,
2026-02-06,Chemical / Products Tanker,both,1083924.0,
2026-02-07,Chemical / Products Tanker,both,836122.0,
2026-02-08,Chemical / Products Tanker,both,627854.0,
2026-02-09,Chemical / Products Tanker,both,715936.0,
2026-02-10,Chemical / Products Tanker,both,812586.0,
2026-02-11,Chemical / Products Tanker,both,837826.0,
2026-02-12,Chemical / Products Tanker,both,687892.0,
2026-02-13,Chemical / Products Tanker,both,730480.0,
2026-02-14,Chemical / Products Tanker,both,1242165.0,
2026-02-15,Chemical / Products Tanker,both,720132.0,
2026-02-16,Chemical / Products Tanker,both,639829.0,
2026-02-17,Chemical / Products Tanker,both,1023715.0,
2026-02-18,Chemical / Products Tanker,both,785773.0,
2026-02-19,Chemical / Products Tanker,both,872165.0,
2026-02-20,Chemical / Products Tanker,both,826027.0,
2026-02-21,Chemical / Products Tanker,both,814399.0,
2026-02-22,Chemical / Products Tanker,both,975877.0,
2026-02-23,Chemical / Products Tanker,both,813372.0,
2026-02-24,Chemical / Products Tanker,both,643493.0,
2026-02-25,Chemical / Products Tanker,both,677338.0,
2026-02-26,Chemical / Products Tanker,both,1090644.0,
2026-02-27,Chemical / Products Tanker,both,1061100.0,
2026-02-28,Chemical / Products Tanker,both,517945.0,
2026-03-01,Chemical / Products Tanker,both,180425.0,
2026-03-02,Chemical / Products Tanker,both,0.0,
2026-03-03,Chemical / Products Tanker,both,7022.0,
2026-03-04,Chemical / Products Tanker,both,46308.0,
2026-03-05,Chemical / Products Tanker,both,0.0,
2026-03-06,Chemical / Products Tanker,both,0.0,
2026-03-07,Chemical / Products Tanker,both,12887.0,
2026-03-08,Chemical / Products Tanker,both,50154.0,
2026-03-09,Chemical / Products Tanker,both,0.0,
2026-03-10,Chemical / Products Tanker,both,0.0,
2026-03-11,Chemical / Products Tanker,both,0.0,
2026-03-12,Chemical / Products Tanker,both,0.0,
2026-03-13,Chemical / Products Tanker,both,62806.0,
2026-03-14,Chemical / Products Tanker,both,6712.0,
2026-03-15,Chemical / Products Tanker,both,46866.0,
2026-03-16,Chemical / Products Tanker,both,0.0,
2026-03-17,Chemical / Products Tanker,both,0.0,
2026-03-18,Chemical / Products Tanker,both,0.0,
2026-03-19,Chemical / Products Tanker,both,0.0,
2026-03-20,Chemical / Products Tanker,both,0.0,
2026-03-21,Chemical / Products Tanker,both,35775.0,
2026-03-22,Chemical / Products Tanker,both,0.0,
2026-03-23,Chemical / Products Tanker,both,44999.0,
2026-03-24,Chemical / Products Tanker,both,0.0,
2026-03-25,Chemical / Products Tanker,both,0.0,
2026-03-26,Chemical / Products Tanker,both,0.0,
2026-03-27,Chemical / Products Tanker,both,0.0,
2026-03-28,Chemical / Products Tanker,both,0.0,
2026-03-29,Chemical / Products Tanker,both,0.0,
2026-03-30,Chemical / Products Tanker,both,98463.0,
2026-03-31,Chemical / Products Tanker,both,92276.0,
2026-04-01,Chemical / Products Tanker,both,7695.0,
2026-04-02,Chemical / Products Tanker,both,44996.0,
2026-04-03,Chemical / Products Tanker,both,0.0,
2026-04-04,Chemical / Products Tanker,both,179488.0,
2026-04-05,Chemical / Products Tanker,both,123308.0,
2026-04-06,Chemical / Products Tanker,both,67934.0,
2026-04-07,Chemical / Products Tanker,both,147037.0,
2026-04-08,Chemical / Products Tanker,both,46048.0,
2026-04-09,Chemical / Products Tanker,both,0.0,
2026-04-10,Chemical / Products Tanker,both,0.0,
2026-04-11,Chemical / Products Tanker,both,0.0,
2026-04-12,Chemical / Products Tanker,both,135642.0,
2026-04-13,Chemical / Products Tanker,both,134696.0,
2026-04-14,Chemical / Products Tanker,both,116773.0,
2026-04-15,Chemical / Products Tanker,both,66115.0,
2026-04-16,Chemical / Products Tanker,both,44401.0,
2026-04-17,Chemical / Products Tanker,both,0.0,
2026-04-18,Chemical / Products Tanker,both,161057.0,
2026-04-19,Chemical / Products Tanker,both,0.0,
2026-04-20,Chemical / Products Tanker,both,92798.0,
2026-04-21,Chemical / Products Tanker,both,156234.0,
2026-04-22,Chemical / Products Tanker,both,46792.0,
2026-04-23,Chemical / Products Tanker,both,0.0,
2026-04-24,Chemical / Products Tanker,both,51202.0,
2026-04-25,Chemical / Products Tanker,both,75120.0,
2026-04-26,Chemical / Products Tanker,both,44996.0,
2026-04-27,Chemical / Products Tanker,both,44998.0,
2026-04-28,Chemical / Products Tanker,both,46048.0,
2026-04-29,Chemical / Products Tanker,both,0.0,
2026-04-30,Chemical / Products Tanker,both,74986.0,
2026-05-01,Chemical / Products Tanker,both,56757.0,
2026-05-02,Chemical / Products Tanker,both,94293.0,
2026-05-03,Chemical / Products Tanker,both,46101.0,
2026-05-04,Chemical / Products Tanker,both,3601.0,
2026-05-05,Chemical / Products Tanker,both,0.0,
2026-05-06,Chemical / Products Tanker,both,0.0,
2026-05-07,Chemical / Products Tanker,both,0.0,
2026-05-08,Chemical / Products Tanker,both,0.0,
2026-05-09,Chemical / Products Tanker,both,0.0,
2026-05-10,Chemical / Products Tanker,both,45737.0,
2026-05-11,Chemical / Products Tanker,both,44970.0,
2026-05-12,Chemical / Products Tanker,both,0.0,
2026-05-13,Chemical / Products Tanker,both,0.0,
2026-05-14,Chemical / Products Tanker,both,46308.0,
2026-05-15,Chemical / Products Tanker,both,7119.0,
2026-05-16,Chemical / Products Tanker,both,0.0,
2026-05-17,Chemical / Products Tanker,both,0.0,
2026-05-18,Chemical / Products Tanker,both,0.0,
2026-05-19,Chemical / Products Tanker,both,45557.0,
2026-05-20,Chemical / Products Tanker,both,0.0,
2026-05-21,Chemical / Products Tanker,both,60119.0,
2026-05-22,Chemical / Products Tanker,both,0.0,
2026-05-23,Chemical / Products Tanker,both,0.0,
2026-05-24,Chemical / Products Tanker,both,0.0,
2026-05-25,Chemical / Products Tanker,both,0.0,
2026-05-26,Chemical / Products Tanker,both,29524.0,
2025-05-28,Chemical / Products Tanker,east_west,118627.0,
2025-05-29,Chemical / Products Tanker,east_west,502914.0,
2025-05-30,Chemical / Products Tanker,east_west,366603.0,
2025-05-31,Chemical / Products Tanker,east_west,468541.0,
2025-06-01,Chemical / Products Tanker,east_west,182707.0,
2025-06-02,Chemical / Products Tanker,east_west,274133.0,
2025-06-03,Chemical / Products Tanker,east_west,162186.0,
2025-06-04,Chemical / Products Tanker,east_west,633224.0,
2025-06-05,Chemical / Products Tanker,east_west,436402.0,
2025-06-06,Chemical / Products Tanker,east_west,394931.0,
2025-06-07,Chemical / Products Tanker,east_west,360919.0,
2025-06-08,Chemical / Products Tanker,east_west,284613.0,
2025-06-09,Chemical / Products Tanker,east_west,653171.0,
2025-06-10,Chemical / Products Tanker,east_west,166403.0,
2025-06-11,Chemical / Products Tanker,east_west,479056.0,
2025-06-12,Chemical / Products Tanker,east_west,458576.0,
2025-06-13,Chemical / Products Tanker,east_west,335989.0,
2025-06-14,Chemical / Products Tanker,east_west,531033.0,
2025-06-15,Chemical / Products Tanker,east_west,632815.0,
2025-06-16,Chemical / Products Tanker,east_west,345556.0,
2025-06-17,Chemical / Products Tanker,east_west,425090.0,
2025-06-18,Chemical / Products Tanker,east_west,260340.0,
2025-06-19,Chemical / Products Tanker,east_west,413517.0,
2025-06-20,Chemical / Products Tanker,east_west,386380.0,
2025-06-21,Chemical / Products Tanker,east_west,229683.0,
2025-06-22,Chemical / Products Tanker,east_west,276032.0,
2025-06-23,Chemical / Products Tanker,east_west,211088.0,
2025-06-24,Chemical / Products Tanker,east_west,533446.0,
2025-06-25,Chemical / Products Tanker,east_west,580719.0,
2025-06-26,Chemical / Products Tanker,east_west,473885.0,
2025-06-27,Chemical / Products Tanker,east_west,504381.0,
2025-06-28,Chemical / Products Tanker,east_west,471193.0,
2025-06-29,Chemical / Products Tanker,east_west,378949.0,
2025-06-30,Chemical / Products Tanker,east_west,228054.0,
2025-07-01,Chemical / Products Tanker,east_west,342680.0,
2025-07-02,Chemical / Products Tanker,east_west,254846.0,
2025-07-03,Chemical / Products Tanker,east_west,454391.0,
2025-07-04,Chemical / Products Tanker,east_west,421067.0,
2025-07-05,Chemical / Products Tanker,east_west,585308.0,
2025-07-06,Chemical / Products Tanker,east_west,529632.0,
2025-07-07,Chemical / Products Tanker,east_west,101277.0,
2025-07-08,Chemical / Products Tanker,east_west,276677.0,
2025-07-09,Chemical / Products Tanker,east_west,214631.0,
2025-07-10,Chemical / Products Tanker,east_west,420274.0,
2025-07-11,Chemical / Products Tanker,east_west,208772.0,
2025-07-12,Chemical / Products Tanker,east_west,383989.0,
2025-07-13,Chemical / Products Tanker,east_west,326499.0,
2025-07-14,Chemical / Products Tanker,east_west,380571.0,
2025-07-15,Chemical / Products Tanker,east_west,375353.0,
2025-07-16,Chemical / Products Tanker,east_west,166800.0,
2025-07-17,Chemical / Products Tanker,east_west,313711.0,
2025-07-18,Chemical / Products Tanker,east_west,190040.0,
2025-07-19,Chemical / Products Tanker,east_west,284121.0,
2025-07-20,Chemical / Products Tanker,east_west,481051.0,
2025-07-21,Chemical / Products Tanker,east_west,641586.0,
2025-07-22,Chemical / Products Tanker,east_west,331791.0,
2025-07-23,Chemical / Products Tanker,east_west,493612.0,
2025-07-24,Chemical / Products Tanker,east_west,311029.0,
2025-07-25,Chemical / Products Tanker,east_west,330675.0,
2025-07-26,Chemical / Products Tanker,east_west,334385.0,
2025-07-27,Chemical / Products Tanker,east_west,289758.0,
2025-07-28,Chemical / Products Tanker,east_west,472752.0,
2025-07-29,Chemical / Products Tanker,east_west,212367.0,
2025-07-30,Chemical / Products Tanker,east_west,294317.0,
2025-07-31,Chemical / Products Tanker,east_west,271309.0,
2025-08-01,Chemical / Products Tanker,east_west,419942.0,
2025-08-02,Chemical / Products Tanker,east_west,315147.0,
2025-08-03,Chemical / Products Tanker,east_west,362911.0,
2025-08-04,Chemical / Products Tanker,east_west,339463.0,
2025-08-05,Chemical / Products Tanker,east_west,687469.0,
2025-08-06,Chemical / Products Tanker,east_west,125826.0,
2025-08-07,Chemical / Products Tanker,east_west,185648.0,
2025-08-08,Chemical / Products Tanker,east_west,401932.0,
2025-08-09,Chemical / Products Tanker,east_west,402272.0,
2025-08-10,Chemical / Products Tanker,east_west,391081.0,
2025-08-11,Chemical / Products Tanker,east_west,237224.0,
2025-08-12,Chemical / Products Tanker,east_west,511456.0,
2025-08-13,Chemical / Products Tanker,east_west,346005.0,
2025-08-14,Chemical / Products Tanker,east_west,422150.0,
2025-08-15,Chemical / Products Tanker,east_west,485481.0,
2025-08-16,Chemical / Products Tanker,east_west,199414.0,
2025-08-17,Chemical / Products Tanker,east_west,301830.0,
2025-08-18,Chemical / Products Tanker,east_west,416784.0,
2025-08-19,Chemical / Products Tanker,east_west,523389.0,
2025-08-20,Chemical / Products Tanker,east_west,444880.0,
2025-08-21,Chemical / Products Tanker,east_west,436584.0,
2025-08-22,Chemical / Products Tanker,east_west,543444.0,
2025-08-23,Chemical / Products Tanker,east_west,351112.0,
2025-08-24,Chemical / Products Tanker,east_west,266942.0,
2025-08-25,Chemical / Products Tanker,east_west,249769.0,
2025-08-26,Chemical / Products Tanker,east_west,383616.0,
2025-08-27,Chemical / Products Tanker,east_west,647105.0,
2025-08-28,Chemical / Products Tanker,east_west,515699.0,
2025-08-29,Chemical / Products Tanker,east_west,351406.0,
2025-08-30,Chemical / Products Tanker,east_west,449440.0,
2025-08-31,Chemical / Products Tanker,east_west,345517.0,
2025-09-01,Chemical / Products Tanker,east_west,572096.0,
2025-09-02,Chemical / Products Tanker,east_west,532643.0,
2025-09-03,Chemical / Products Tanker,east_west,552349.0,
2025-09-04,Chemical / Products Tanker,east_west,579149.0,
2025-09-05,Chemical / Products Tanker,east_west,594087.0,
2025-09-06,Chemical / Products Tanker,east_west,408714.0,
2025-09-07,Chemical / Products Tanker,east_west,377821.0,
2025-09-08,Chemical / Products Tanker,east_west,476808.0,
2025-09-09,Chemical / Products Tanker,east_west,352602.0,
2025-09-10,Chemical / Products Tanker,east_west,108117.0,
2025-09-11,Chemical / Products Tanker,east_west,385665.0,
2025-09-12,Chemical / Products Tanker,east_west,461030.0,
2025-09-13,Chemical / Products Tanker,east_west,252448.0,
2025-09-14,Chemical / Products Tanker,east_west,454508.0,
2025-09-15,Chemical / Products Tanker,east_west,232529.0,
2025-09-16,Chemical / Products Tanker,east_west,642183.0,
2025-09-17,Chemical / Products Tanker,east_west,339529.0,
2025-09-18,Chemical / Products Tanker,east_west,592378.0,
2025-09-19,Chemical / Products Tanker,east_west,398939.0,
2025-09-20,Chemical / Products Tanker,east_west,486184.0,
2025-09-21,Chemical / Products Tanker,east_west,481916.0,
2025-09-22,Chemical / Products Tanker,east_west,210231.0,
2025-09-23,Chemical / Products Tanker,east_west,641084.0,
2025-09-24,Chemical / Products Tanker,east_west,304535.0,
2025-09-25,Chemical / Products Tanker,east_west,211368.0,
2025-09-26,Chemical / Products Tanker,east_west,408327.0,
2025-09-27,Chemical / Products Tanker,east_west,579782.0,
2025-09-28,Chemical / Products Tanker,east_west,288177.0,
2025-09-29,Chemical / Products Tanker,east_west,744451.0,
2025-09-30,Chemical / Products Tanker,east_west,453006.0,
2025-10-01,Chemical / Products Tanker,east_west,329502.0,
2025-10-02,Chemical / Products Tanker,east_west,288231.0,
2025-10-03,Chemical / Products Tanker,east_west,445876.0,
2025-10-04,Chemical / Products Tanker,east_west,539349.0,
2025-10-05,Chemical / Products Tanker,east_west,522333.0,
2025-10-06,Chemical / Products Tanker,east_west,295112.0,
2025-10-07,Chemical / Products Tanker,east_west,344587.0,
2025-10-08,Chemical / Products Tanker,east_west,524282.0,
2025-10-09,Chemical / Products Tanker,east_west,350562.0,
2025-10-10,Chemical / Products Tanker,east_west,270631.0,
2025-10-11,Chemical / Products Tanker,east_west,395956.0,
2025-10-12,Chemical / Products Tanker,east_west,267763.0,
2025-10-13,Chemical / Products Tanker,east_west,463856.0,
2025-10-14,Chemical / Products Tanker,east_west,476103.0,
2025-10-15,Chemical / Products Tanker,east_west,504819.0,
2025-10-16,Chemical / Products Tanker,east_west,232897.0,
2025-10-17,Chemical / Products Tanker,east_west,267575.0,
2025-10-18,Chemical / Products Tanker,east_west,365576.0,
2025-10-19,Chemical / Products Tanker,east_west,409064.0,
2025-10-20,Chemical / Products Tanker,east_west,535404.0,
2025-10-21,Chemical / Products Tanker,east_west,402179.0,
2025-10-22,Chemical / Products Tanker,east_west,203516.0,
2025-10-23,Chemical / Products Tanker,east_west,209360.0,
2025-10-24,Chemical / Products Tanker,east_west,452153.0,
2025-10-25,Chemical / Products Tanker,east_west,356877.0,
2025-10-26,Chemical / Products Tanker,east_west,274308.0,
2025-10-27,Chemical / Products Tanker,east_west,593387.0,
2025-10-28,Chemical / Products Tanker,east_west,187792.0,
2025-10-29,Chemical / Products Tanker,east_west,479180.0,
2025-10-30,Chemical / Products Tanker,east_west,576563.0,
2025-10-31,Chemical / Products Tanker,east_west,169600.0,
2025-11-01,Chemical / Products Tanker,east_west,497022.0,
2025-11-02,Chemical / Products Tanker,east_west,304190.0,
2025-11-03,Chemical / Products Tanker,east_west,319378.0,
2025-11-04,Chemical / Products Tanker,east_west,830550.0,
2025-11-05,Chemical / Products Tanker,east_west,367182.0,
2025-11-06,Chemical / Products Tanker,east_west,516828.0,
2025-11-07,Chemical / Products Tanker,east_west,375009.0,
2025-11-08,Chemical / Products Tanker,east_west,281909.0,
2025-11-09,Chemical / Products Tanker,east_west,326518.0,
2025-11-10,Chemical / Products Tanker,east_west,253580.0,
2025-11-11,Chemical / Products Tanker,east_west,393810.0,
2025-11-12,Chemical / Products Tanker,east_west,599892.0,
2025-11-13,Chemical / Products Tanker,east_west,275371.0,
2025-11-14,Chemical / Products Tanker,east_west,316786.0,
2025-11-15,Chemical / Products Tanker,east_west,220617.0,
2025-11-16,Chemical / Products Tanker,east_west,252948.0,
2025-11-17,Chemical / Products Tanker,east_west,490647.0,
2025-11-18,Chemical / Products Tanker,east_west,422011.0,
2025-11-19,Chemical / Products Tanker,east_west,649643.0,
2025-11-20,Chemical / Products Tanker,east_west,597527.0,
2025-11-21,Chemical / Products Tanker,east_west,547281.0,
2025-11-22,Chemical / Products Tanker,east_west,309394.0,
2025-11-23,Chemical / Products Tanker,east_west,328804.0,
2025-11-24,Chemical / Products Tanker,east_west,275409.0,
2025-11-25,Chemical / Products Tanker,east_west,265271.0,
2025-11-26,Chemical / Products Tanker,east_west,437579.0,
2025-11-27,Chemical / Products Tanker,east_west,394050.0,
2025-11-28,Chemical / Products Tanker,east_west,241523.0,
2025-11-29,Chemical / Products Tanker,east_west,248028.0,
2025-11-30,Chemical / Products Tanker,east_west,138419.0,
2025-12-01,Chemical / Products Tanker,east_west,326729.0,
2025-12-02,Chemical / Products Tanker,east_west,379478.0,
2025-12-03,Chemical / Products Tanker,east_west,345519.0,
2025-12-04,Chemical / Products Tanker,east_west,363218.0,
2025-12-05,Chemical / Products Tanker,east_west,440593.0,
2025-12-06,Chemical / Products Tanker,east_west,274376.0,
2025-12-07,Chemical / Products Tanker,east_west,392087.0,
2025-12-08,Chemical / Products Tanker,east_west,228027.0,
2025-12-09,Chemical / Products Tanker,east_west,498410.0,
2025-12-10,Chemical / Products Tanker,east_west,256649.0,
2025-12-11,Chemical / Products Tanker,east_west,605803.0,
2025-12-12,Chemical / Products Tanker,east_west,290848.0,
2025-12-13,Chemical / Products Tanker,east_west,450397.0,
2025-12-14,Chemical / Products Tanker,east_west,298050.0,
2025-12-15,Chemical / Products Tanker,east_west,221140.0,
2025-12-16,Chemical / Products Tanker,east_west,360254.0,
2025-12-17,Chemical / Products Tanker,east_west,398144.0,
2025-12-18,Chemical / Products Tanker,east_west,485525.0,
2025-12-19,Chemical / Products Tanker,east_west,412378.0,
2025-12-20,Chemical / Products Tanker,east_west,260608.0,
2025-12-21,Chemical / Products Tanker,east_west,203819.0,
2025-12-22,Chemical / Products Tanker,east_west,556156.0,
2025-12-23,Chemical / Products Tanker,east_west,256796.0,
2025-12-24,Chemical / Products Tanker,east_west,289622.0,
2025-12-25,Chemical / Products Tanker,east_west,227662.0,
2025-12-26,Chemical / Products Tanker,east_west,493941.0,
2025-12-27,Chemical / Products Tanker,east_west,253353.0,
2025-12-28,Chemical / Products Tanker,east_west,367964.0,
2025-12-29,Chemical / Products Tanker,east_west,238737.0,
2025-12-30,Chemical / Products Tanker,east_west,418629.0,
2025-12-31,Chemical / Products Tanker,east_west,373069.0,
2026-01-01,Chemical / Products Tanker,east_west,61879.0,
2026-01-02,Chemical / Products Tanker,east_west,339205.0,
2026-01-03,Chemical / Products Tanker,east_west,368545.0,
2026-01-04,Chemical / Products Tanker,east_west,323669.0,
2026-01-05,Chemical / Products Tanker,east_west,265426.0,
2026-01-06,Chemical / Products Tanker,east_west,231277.0,
2026-01-07,Chemical / Products Tanker,east_west,374477.0,
2026-01-08,Chemical / Products Tanker,east_west,217495.0,
2026-01-09,Chemical / Products Tanker,east_west,344123.0,
2026-01-10,Chemical / Products Tanker,east_west,349648.0,
2026-01-11,Chemical / Products Tanker,east_west,418404.0,
2026-01-12,Chemical / Products Tanker,east_west,187004.0,
2026-01-13,Chemical / Products Tanker,east_west,541360.0,
2026-01-14,Chemical / Products Tanker,east_west,334008.0,
2026-01-15,Chemical / Products Tanker,east_west,311649.0,
2026-01-16,Chemical / Products Tanker,east_west,279569.0,
2026-01-17,Chemical / Products Tanker,east_west,364269.0,
2026-01-18,Chemical / Products Tanker,east_west,453557.0,
2026-01-19,Chemical / Products Tanker,east_west,462537.0,
2026-01-20,Chemical / Products Tanker,east_west,324463.0,
2026-01-21,Chemical / Products Tanker,east_west,114190.0,
2026-01-22,Chemical / Products Tanker,east_west,267147.0,
2026-01-23,Chemical / Products Tanker,east_west,333958.0,
2026-01-24,Chemical / Products Tanker,east_west,429036.0,
2026-01-25,Chemical / Products Tanker,east_west,287145.0,
2026-01-26,Chemical / Products Tanker,east_west,682640.0,
2026-01-27,Chemical / Products Tanker,east_west,470604.0,
2026-01-28,Chemical / Products Tanker,east_west,512066.0,
2026-01-29,Chemical / Products Tanker,east_west,524725.0,
2026-01-30,Chemical / Products Tanker,east_west,459971.0,
2026-01-31,Chemical / Products Tanker,east_west,422876.0,
2026-02-01,Chemical / Products Tanker,east_west,216676.0,
2026-02-02,Chemical / Products Tanker,east_west,257700.0,
2026-02-03,Chemical / Products Tanker,east_west,517592.0,
2026-02-04,Chemical / Products Tanker,east_west,278355.0,
2026-02-05,Chemical / Products Tanker,east_west,481558.0,
2026-02-06,Chemical / Products Tanker,east_west,618788.0,
2026-02-07,Chemical / Products Tanker,east_west,243411.0,
2026-02-08,Chemical / Products Tanker,east_west,348856.0,
2026-02-09,Chemical / Products Tanker,east_west,419290.0,
2026-02-10,Chemical / Products Tanker,east_west,441666.0,
2026-02-11,Chemical / Products Tanker,east_west,350325.0,
2026-02-12,Chemical / Products Tanker,east_west,335792.0,
2026-02-13,Chemical / Products Tanker,east_west,438158.0,
2026-02-14,Chemical / Products Tanker,east_west,504059.0,
2026-02-15,Chemical / Products Tanker,east_west,487913.0,
2026-02-16,Chemical / Products Tanker,east_west,288653.0,
2026-02-17,Chemical / Products Tanker,east_west,709166.0,
2026-02-18,Chemical / Products Tanker,east_west,331075.0,
2026-02-19,Chemical / Products Tanker,east_west,232555.0,
2026-02-20,Chemical / Products Tanker,east_west,319482.0,
2026-02-21,Chemical / Products Tanker,east_west,294997.0,
2026-02-22,Chemical / Products Tanker,east_west,351421.0,
2026-02-23,Chemical / Products Tanker,east_west,383331.0,
2026-02-24,Chemical / Products Tanker,east_west,438310.0,
2026-02-25,Chemical / Products Tanker,east_west,196728.0,
2026-02-26,Chemical / Products Tanker,east_west,807419.0,
2026-02-27,Chemical / Products Tanker,east_west,592981.0,
2026-02-28,Chemical / Products Tanker,east_west,243324.0,
2026-03-01,Chemical / Products Tanker,east_west,0.0,
2026-03-02,Chemical / Products Tanker,east_west,0.0,
2026-03-03,Chemical / Products Tanker,east_west,7022.0,
2026-03-04,Chemical / Products Tanker,east_west,0.0,
2026-03-05,Chemical / Products Tanker,east_west,0.0,
2026-03-06,Chemical / Products Tanker,east_west,0.0,
2026-03-07,Chemical / Products Tanker,east_west,0.0,
2026-03-08,Chemical / Products Tanker,east_west,50154.0,
2026-03-09,Chemical / Products Tanker,east_west,0.0,
2026-03-10,Chemical / Products Tanker,east_west,0.0,
2026-03-11,Chemical / Products Tanker,east_west,0.0,
2026-03-12,Chemical / Products Tanker,east_west,0.0,
2026-03-13,Chemical / Products Tanker,east_west,50723.0,
2026-03-14,Chemical / Products Tanker,east_west,0.0,
2026-03-15,Chemical / Products Tanker,east_west,46866.0,
2026-03-16,Chemical / Products Tanker,east_west,0.0,
2026-03-17,Chemical / Products Tanker,east_west,0.0,
2026-03-18,Chemical / Products Tanker,east_west,0.0,
2026-03-19,Chemical / Products Tanker,east_west,0.0,
2026-03-20,Chemical / Products Tanker,east_west,0.0,
2026-03-21,Chemical / Products Tanker,east_west,35775.0,
2026-03-22,Chemical / Products Tanker,east_west,0.0,
2026-03-23,Chemical / Products Tanker,east_west,0.0,
2026-03-24,Chemical / Products Tanker,east_west,0.0,
2026-03-25,Chemical / Products Tanker,east_west,0.0,
2026-03-26,Chemical / Products Tanker,east_west,0.0,
2026-03-27,Chemical / Products Tanker,east_west,0.0,
2026-03-28,Chemical / Products Tanker,east_west,0.0,
2026-03-29,Chemical / Products Tanker,east_west,0.0,
2026-03-30,Chemical / Products Tanker,east_west,98463.0,
2026-03-31,Chemical / Products Tanker,east_west,92276.0,
2026-04-01,Chemical / Products Tanker,east_west,7695.0,
2026-04-02,Chemical / Products Tanker,east_west,0.0,
2026-04-03,Chemical / Products Tanker,east_west,0.0,
2026-04-04,Chemical / Products Tanker,east_west,36031.0,
2026-04-05,Chemical / Products Tanker,east_west,74999.0,
2026-04-06,Chemical / Products Tanker,east_west,22377.0,
2026-04-07,Chemical / Products Tanker,east_west,100245.0,
2026-04-08,Chemical / Products Tanker,east_west,0.0,
2026-04-09,Chemical / Products Tanker,east_west,0.0,
2026-04-10,Chemical / Products Tanker,east_west,0.0,
2026-04-11,Chemical / Products Tanker,east_west,0.0,
2026-04-12,Chemical / Products Tanker,east_west,88923.0,
2026-04-13,Chemical / Products Tanker,east_west,0.0,
2026-04-14,Chemical / Products Tanker,east_west,80742.0,
2026-04-15,Chemical / Products Tanker,east_west,0.0,
2026-04-16,Chemical / Products Tanker,east_west,0.0,
2026-04-17,Chemical / Products Tanker,east_west,0.0,
2026-04-18,Chemical / Products Tanker,east_west,0.0,
2026-04-19,Chemical / Products Tanker,east_west,0.0,
2026-04-20,Chemical / Products Tanker,east_west,0.0,
2026-04-21,Chemical / Products Tanker,east_west,46048.0,
2026-04-22,Chemical / Products Tanker,east_west,46792.0,
2026-04-23,Chemical / Products Tanker,east_west,0.0,
2026-04-24,Chemical / Products Tanker,east_west,0.0,
2026-04-25,Chemical / Products Tanker,east_west,0.0,
2026-04-26,Chemical / Products Tanker,east_west,44996.0,
2026-04-27,Chemical / Products Tanker,east_west,0.0,
2026-04-28,Chemical / Products Tanker,east_west,0.0,
2026-04-29,Chemical / Products Tanker,east_west,0.0,
2026-04-30,Chemical / Products Tanker,east_west,0.0,
2026-05-01,Chemical / Products Tanker,east_west,9965.0,
2026-05-02,Chemical / Products Tanker,east_west,44970.0,
2026-05-03,Chemical / Products Tanker,east_west,46101.0,
2026-05-04,Chemical / Products Tanker,east_west,0.0,
2026-05-05,Chemical / Products Tanker,east_west,0.0,
2026-05-06,Chemical / Products Tanker,east_west,0.0,
2026-05-07,Chemical / Products Tanker,east_west,0.0,
2026-05-08,Chemical / Products Tanker,east_west,0.0,
2026-05-09,Chemical / Products Tanker,east_west,0.0,
2026-05-10,Chemical / Products Tanker,east_west,0.0,
2026-05-11,Chemical / Products Tanker,east_west,0.0,
2026-05-12,Chemical / Products Tanker,east_west,0.0,
2026-05-13,Chemical / Products Tanker,east_west,0.0,
2026-05-14,Chemical / Products Tanker,east_west,0.0,
2026-05-15,Chemical / Products Tanker,east_west,0.0,
2026-05-16,Chemical / Products Tanker,east_west,0.0,
2026-05-17,Chemical / Products Tanker,east_west,0.0,
2026-05-18,Chemical / Products Tanker,east_west,0.0,
2026-05-19,Chemical / Products Tanker,east_west,45557.0,
2026-05-20,Chemical / Products Tanker,east_west,0.0,
2026-05-21,Chemical / Products Tanker,east_west,0.0,
2026-05-22,Chemical / Products Tanker,east_west,0.0,
2026-05-23,Chemical / Products Tanker,east_west,0.0,
2026-05-24,Chemical / Products Tanker,east_west,0.0,
2026-05-25,Chemical / Products Tanker,east_west,0.0,
2026-05-26,Chemical / Products Tanker,east_west,29524.0,
2025-05-28,Chemical / Products Tanker,west_east,275429.0,
2025-05-29,Chemical / Products Tanker,west_east,490344.0,
2025-05-30,Chemical / Products Tanker,west_east,619037.0,
2025-05-31,Chemical / Products Tanker,west_east,319613.0,
2025-06-01,Chemical / Products Tanker,west_east,188648.0,
2025-06-02,Chemical / Products Tanker,west_east,417615.0,
2025-06-03,Chemical / Products Tanker,west_east,430140.0,
2025-06-04,Chemical / Products Tanker,west_east,417659.0,
2025-06-05,Chemical / Products Tanker,west_east,265375.0,
2025-06-06,Chemical / Products Tanker,west_east,276170.0,
2025-06-07,Chemical / Products Tanker,west_east,404589.0,
2025-06-08,Chemical / Products Tanker,west_east,216761.0,
2025-06-09,Chemical / Products Tanker,west_east,240332.0,
2025-06-10,Chemical / Products Tanker,west_east,513068.0,
2025-06-11,Chemical / Products Tanker,west_east,332032.0,
2025-06-12,Chemical / Products Tanker,west_east,328518.0,
2025-06-13,Chemical / Products Tanker,west_east,321250.0,
2025-06-14,Chemical / Products Tanker,west_east,500755.0,
2025-06-15,Chemical / Products Tanker,west_east,550707.0,
2025-06-16,Chemical / Products Tanker,west_east,565138.0,
2025-06-17,Chemical / Products Tanker,west_east,280824.0,
2025-06-18,Chemical / Products Tanker,west_east,363292.0,
2025-06-19,Chemical / Products Tanker,west_east,308152.0,
2025-06-20,Chemical / Products Tanker,west_east,228047.0,
2025-06-21,Chemical / Products Tanker,west_east,515837.0,
2025-06-22,Chemical / Products Tanker,west_east,654252.0,
2025-06-23,Chemical / Products Tanker,west_east,325131.0,
2025-06-24,Chemical / Products Tanker,west_east,508756.0,
2025-06-25,Chemical / Products Tanker,west_east,291041.0,
2025-06-26,Chemical / Products Tanker,west_east,179639.0,
2025-06-27,Chemical / Products Tanker,west_east,433884.0,
2025-06-28,Chemical / Products Tanker,west_east,645993.0,
2025-06-29,Chemical / Products Tanker,west_east,335020.0,
2025-06-30,Chemical / Products Tanker,west_east,332950.0,
2025-07-01,Chemical / Products Tanker,west_east,330366.0,
2025-07-02,Chemical / Products Tanker,west_east,356311.0,
2025-07-03,Chemical / Products Tanker,west_east,295162.0,
2025-07-04,Chemical / Products Tanker,west_east,495591.0,
2025-07-05,Chemical / Products Tanker,west_east,279896.0,
2025-07-06,Chemical / Products Tanker,west_east,430872.0,
2025-07-07,Chemical / Products Tanker,west_east,210090.0,
2025-07-08,Chemical / Products Tanker,west_east,279786.0,
2025-07-09,Chemical / Products Tanker,west_east,545747.0,
2025-07-10,Chemical / Products Tanker,west_east,685670.0,
2025-07-11,Chemical / Products Tanker,west_east,396031.0,
2025-07-12,Chemical / Products Tanker,west_east,317714.0,
2025-07-13,Chemical / Products Tanker,west_east,256129.0,
2025-07-14,Chemical / Products Tanker,west_east,427197.0,
2025-07-15,Chemical / Products Tanker,west_east,263518.0,
2025-07-16,Chemical / Products Tanker,west_east,308888.0,
2025-07-17,Chemical / Products Tanker,west_east,285747.0,
2025-07-18,Chemical / Products Tanker,west_east,412514.0,
2025-07-19,Chemical / Products Tanker,west_east,329614.0,
2025-07-20,Chemical / Products Tanker,west_east,362361.0,
2025-07-21,Chemical / Products Tanker,west_east,216740.0,
2025-07-22,Chemical / Products Tanker,west_east,408183.0,
2025-07-23,Chemical / Products Tanker,west_east,257979.0,
2025-07-24,Chemical / Products Tanker,west_east,547438.0,
2025-07-25,Chemical / Products Tanker,west_east,156311.0,
2025-07-26,Chemical / Products Tanker,west_east,453329.0,
2025-07-27,Chemical / Products Tanker,west_east,420620.0,
2025-07-28,Chemical / Products Tanker,west_east,320944.0,
2025-07-29,Chemical / Products Tanker,west_east,332439.0,
2025-07-30,Chemical / Products Tanker,west_east,612639.0,
2025-07-31,Chemical / Products Tanker,west_east,267820.0,
2025-08-01,Chemical / Products Tanker,west_east,296751.0,
2025-08-02,Chemical / Products Tanker,west_east,237815.0,
2025-08-03,Chemical / Products Tanker,west_east,414348.0,
2025-08-04,Chemical / Products Tanker,west_east,137145.0,
2025-08-05,Chemical / Products Tanker,west_east,517118.0,
2025-08-06,Chemical / Products Tanker,west_east,255260.0,
2025-08-07,Chemical / Products Tanker,west_east,234527.0,
2025-08-08,Chemical / Products Tanker,west_east,510774.0,
2025-08-09,Chemical / Products Tanker,west_east,575054.0,
2025-08-10,Chemical / Products Tanker,west_east,204523.0,
2025-08-11,Chemical / Products Tanker,west_east,347402.0,
2025-08-12,Chemical / Products Tanker,west_east,501139.0,
2025-08-13,Chemical / Products Tanker,west_east,332531.0,
2025-08-14,Chemical / Products Tanker,west_east,256103.0,
2025-08-15,Chemical / Products Tanker,west_east,536904.0,
2025-08-16,Chemical / Products Tanker,west_east,272045.0,
2025-08-17,Chemical / Products Tanker,west_east,400819.0,
2025-08-18,Chemical / Products Tanker,west_east,403089.0,
2025-08-19,Chemical / Products Tanker,west_east,279695.0,
2025-08-20,Chemical / Products Tanker,west_east,454377.0,
2025-08-21,Chemical / Products Tanker,west_east,381884.0,
2025-08-22,Chemical / Products Tanker,west_east,437911.0,
2025-08-23,Chemical / Products Tanker,west_east,442756.0,
2025-08-24,Chemical / Products Tanker,west_east,233765.0,
2025-08-25,Chemical / Products Tanker,west_east,375189.0,
2025-08-26,Chemical / Products Tanker,west_east,347880.0,
2025-08-27,Chemical / Products Tanker,west_east,381499.0,
2025-08-28,Chemical / Products Tanker,west_east,460896.0,
2025-08-29,Chemical / Products Tanker,west_east,407890.0,
2025-08-30,Chemical / Products Tanker,west_east,485274.0,
2025-08-31,Chemical / Products Tanker,west_east,171535.0,
2025-09-01,Chemical / Products Tanker,west_east,490964.0,
2025-09-02,Chemical / Products Tanker,west_east,361024.0,
2025-09-03,Chemical / Products Tanker,west_east,430086.0,
2025-09-04,Chemical / Products Tanker,west_east,532618.0,
2025-09-05,Chemical / Products Tanker,west_east,702077.0,
2025-09-06,Chemical / Products Tanker,west_east,226268.0,
2025-09-07,Chemical / Products Tanker,west_east,385200.0,
2025-09-08,Chemical / Products Tanker,west_east,220236.0,
2025-09-09,Chemical / Products Tanker,west_east,726193.0,
2025-09-10,Chemical / Products Tanker,west_east,387339.0,
2025-09-11,Chemical / Products Tanker,west_east,475456.0,
2025-09-12,Chemical / Products Tanker,west_east,500668.0,
2025-09-13,Chemical / Products Tanker,west_east,475094.0,
2025-09-14,Chemical / Products Tanker,west_east,432510.0,
2025-09-15,Chemical / Products Tanker,west_east,282720.0,
2025-09-16,Chemical / Products Tanker,west_east,457711.0,
2025-09-17,Chemical / Products Tanker,west_east,260776.0,
2025-09-18,Chemical / Products Tanker,west_east,514486.0,
2025-09-19,Chemical / Products Tanker,west_east,459702.0,
2025-09-20,Chemical / Products Tanker,west_east,664006.0,
2025-09-21,Chemical / Products Tanker,west_east,364606.0,
2025-09-22,Chemical / Products Tanker,west_east,214348.0,
2025-09-23,Chemical / Products Tanker,west_east,477188.0,
2025-09-24,Chemical / Products Tanker,west_east,322828.0,
2025-09-25,Chemical / Products Tanker,west_east,479941.0,
2025-09-26,Chemical / Products Tanker,west_east,327637.0,
2025-09-27,Chemical / Products Tanker,west_east,426115.0,
2025-09-28,Chemical / Products Tanker,west_east,694066.0,
2025-09-29,Chemical / Products Tanker,west_east,536014.0,
2025-09-30,Chemical / Products Tanker,west_east,244925.0,
2025-10-01,Chemical / Products Tanker,west_east,696935.0,
2025-10-02,Chemical / Products Tanker,west_east,314766.0,
2025-10-03,Chemical / Products Tanker,west_east,198992.0,
2025-10-04,Chemical / Products Tanker,west_east,451796.0,
2025-10-05,Chemical / Products Tanker,west_east,467277.0,
2025-10-06,Chemical / Products Tanker,west_east,335873.0,
2025-10-07,Chemical / Products Tanker,west_east,480867.0,
2025-10-08,Chemical / Products Tanker,west_east,263986.0,
2025-10-09,Chemical / Products Tanker,west_east,740314.0,
2025-10-10,Chemical / Products Tanker,west_east,208360.0,
2025-10-11,Chemical / Products Tanker,west_east,256644.0,
2025-10-12,Chemical / Products Tanker,west_east,391450.0,
2025-10-13,Chemical / Products Tanker,west_east,277673.0,
2025-10-14,Chemical / Products Tanker,west_east,306818.0,
2025-10-15,Chemical / Products Tanker,west_east,315503.0,
2025-10-16,Chemical / Products Tanker,west_east,228322.0,
2025-10-17,Chemical / Products Tanker,west_east,413501.0,
2025-10-18,Chemical / Products Tanker,west_east,335516.0,
2025-10-19,Chemical / Products Tanker,west_east,518549.0,
2025-10-20,Chemical / Products Tanker,west_east,391195.0,
2025-10-21,Chemical / Products Tanker,west_east,351078.0,
2025-10-22,Chemical / Products Tanker,west_east,400181.0,
2025-10-23,Chemical / Products Tanker,west_east,548234.0,
2025-10-24,Chemical / Products Tanker,west_east,579153.0,
2025-10-25,Chemical / Products Tanker,west_east,352046.0,
2025-10-26,Chemical / Products Tanker,west_east,435397.0,
2025-10-27,Chemical / Products Tanker,west_east,378643.0,
2025-10-28,Chemical / Products Tanker,west_east,415052.0,
2025-10-29,Chemical / Products Tanker,west_east,287627.0,
2025-10-30,Chemical / Products Tanker,west_east,217960.0,
2025-10-31,Chemical / Products Tanker,west_east,252772.0,
2025-11-01,Chemical / Products Tanker,west_east,606717.0,
2025-11-02,Chemical / Products Tanker,west_east,370643.0,
2025-11-03,Chemical / Products Tanker,west_east,437186.0,
2025-11-04,Chemical / Products Tanker,west_east,619099.0,
2025-11-05,Chemical / Products Tanker,west_east,283564.0,
2025-11-06,Chemical / Products Tanker,west_east,284113.0,
2025-11-07,Chemical / Products Tanker,west_east,317555.0,
2025-11-08,Chemical / Products Tanker,west_east,609108.0,
2025-11-09,Chemical / Products Tanker,west_east,465143.0,
2025-11-10,Chemical / Products Tanker,west_east,296221.0,
2025-11-11,Chemical / Products Tanker,west_east,390339.0,
2025-11-12,Chemical / Products Tanker,west_east,518418.0,
2025-11-13,Chemical / Products Tanker,west_east,332463.0,
2025-11-14,Chemical / Products Tanker,west_east,434784.0,
2025-11-15,Chemical / Products Tanker,west_east,403558.0,
2025-11-16,Chemical / Products Tanker,west_east,356761.0,
2025-11-17,Chemical / Products Tanker,west_east,372092.0,
2025-11-18,Chemical / Products Tanker,west_east,262284.0,
2025-11-19,Chemical / Products Tanker,west_east,499659.0,
2025-11-20,Chemical / Products Tanker,west_east,414436.0,
2025-11-21,Chemical / Products Tanker,west_east,318673.0,
2025-11-22,Chemical / Products Tanker,west_east,361833.0,
2025-11-23,Chemical / Products Tanker,west_east,579839.0,
2025-11-24,Chemical / Products Tanker,west_east,413085.0,
2025-11-25,Chemical / Products Tanker,west_east,546657.0,
2025-11-26,Chemical / Products Tanker,west_east,221071.0,
2025-11-27,Chemical / Products Tanker,west_east,256520.0,
2025-11-28,Chemical / Products Tanker,west_east,339302.0,
2025-11-29,Chemical / Products Tanker,west_east,328149.0,
2025-11-30,Chemical / Products Tanker,west_east,447210.0,
2025-12-01,Chemical / Products Tanker,west_east,435587.0,
2025-12-02,Chemical / Products Tanker,west_east,234745.0,
2025-12-03,Chemical / Products Tanker,west_east,463748.0,
2025-12-04,Chemical / Products Tanker,west_east,167643.0,
2025-12-05,Chemical / Products Tanker,west_east,316678.0,
2025-12-06,Chemical / Products Tanker,west_east,368859.0,
2025-12-07,Chemical / Products Tanker,west_east,316419.0,
2025-12-08,Chemical / Products Tanker,west_east,398415.0,
2025-12-09,Chemical / Products Tanker,west_east,468349.0,
2025-12-10,Chemical / Products Tanker,west_east,355783.0,
2025-12-11,Chemical / Products Tanker,west_east,334898.0,
2025-12-12,Chemical / Products Tanker,west_east,253965.0,
2025-12-13,Chemical / Products Tanker,west_east,175362.0,
2025-12-14,Chemical / Products Tanker,west_east,322606.0,
2025-12-15,Chemical / Products Tanker,west_east,320555.0,
2025-12-16,Chemical / Products Tanker,west_east,541752.0,
2025-12-17,Chemical / Products Tanker,west_east,425146.0,
2025-12-18,Chemical / Products Tanker,west_east,223619.0,
2025-12-19,Chemical / Products Tanker,west_east,282194.0,
2025-12-20,Chemical / Products Tanker,west_east,308302.0,
2025-12-21,Chemical / Products Tanker,west_east,62490.0,
2025-12-22,Chemical / Products Tanker,west_east,365373.0,
2025-12-23,Chemical / Products Tanker,west_east,409179.0,
2025-12-24,Chemical / Products Tanker,west_east,306020.0,
2025-12-25,Chemical / Products Tanker,west_east,354399.0,
2025-12-26,Chemical / Products Tanker,west_east,297598.0,
2025-12-27,Chemical / Products Tanker,west_east,327159.0,
2025-12-28,Chemical / Products Tanker,west_east,234473.0,
2025-12-29,Chemical / Products Tanker,west_east,481858.0,
2025-12-30,Chemical / Products Tanker,west_east,377098.0,
2025-12-31,Chemical / Products Tanker,west_east,210826.0,
2026-01-01,Chemical / Products Tanker,west_east,152989.0,
2026-01-02,Chemical / Products Tanker,west_east,313059.0,
2026-01-03,Chemical / Products Tanker,west_east,265989.0,
2026-01-04,Chemical / Products Tanker,west_east,261380.0,
2026-01-05,Chemical / Products Tanker,west_east,243398.0,
2026-01-06,Chemical / Products Tanker,west_east,310095.0,
2026-01-07,Chemical / Products Tanker,west_east,417722.0,
2026-01-08,Chemical / Products Tanker,west_east,291854.0,
2026-01-09,Chemical / Products Tanker,west_east,305395.0,
2026-01-10,Chemical / Products Tanker,west_east,646522.0,
2026-01-11,Chemical / Products Tanker,west_east,540202.0,
2026-01-12,Chemical / Products Tanker,west_east,331663.0,
2026-01-13,Chemical / Products Tanker,west_east,212239.0,
2026-01-14,Chemical / Products Tanker,west_east,410863.0,
2026-01-15,Chemical / Products Tanker,west_east,672609.0,
2026-01-16,Chemical / Products Tanker,west_east,315053.0,
2026-01-17,Chemical / Products Tanker,west_east,199981.0,
2026-01-18,Chemical / Products Tanker,west_east,163924.0,
2026-01-19,Chemical / Products Tanker,west_east,326747.0,
2026-01-20,Chemical / Products Tanker,west_east,227488.0,
2026-01-21,Chemical / Products Tanker,west_east,239761.0,
2026-01-22,Chemical / Products Tanker,west_east,94727.0,
2026-01-23,Chemical / Products Tanker,west_east,293487.0,
2026-01-24,Chemical / Products Tanker,west_east,402803.0,
2026-01-25,Chemical / Products Tanker,west_east,319416.0,
2026-01-26,Chemical / Products Tanker,west_east,471959.0,
2026-01-27,Chemical / Products Tanker,west_east,247753.0,
2026-01-28,Chemical / Products Tanker,west_east,245559.0,
2026-01-29,Chemical / Products Tanker,west_east,271530.0,
2026-01-30,Chemical / Products Tanker,west_east,279663.0,
2026-01-31,Chemical / Products Tanker,west_east,203293.0,
2026-02-01,Chemical / Products Tanker,west_east,383017.0,
2026-02-02,Chemical / Products Tanker,west_east,336355.0,
2026-02-03,Chemical / Products Tanker,west_east,384222.0,
2026-02-04,Chemical / Products Tanker,west_east,560462.0,
2026-02-05,Chemical / Products Tanker,west_east,628690.0,
2026-02-06,Chemical / Products Tanker,west_east,465136.0,
2026-02-07,Chemical / Products Tanker,west_east,592711.0,
2026-02-08,Chemical / Products Tanker,west_east,278998.0,
2026-02-09,Chemical / Products Tanker,west_east,296646.0,
2026-02-10,Chemical / Products Tanker,west_east,370920.0,
2026-02-11,Chemical / Products Tanker,west_east,487501.0,
2026-02-12,Chemical / Products Tanker,west_east,352100.0,
2026-02-13,Chemical / Products Tanker,west_east,292322.0,
2026-02-14,Chemical / Products Tanker,west_east,738106.0,
2026-02-15,Chemical / Products Tanker,west_east,232219.0,
2026-02-16,Chemical / Products Tanker,west_east,351176.0,
2026-02-17,Chemical / Products Tanker,west_east,314549.0,
2026-02-18,Chemical / Products Tanker,west_east,454698.0,
2026-02-19,Chemical / Products Tanker,west_east,639610.0,
2026-02-20,Chemical / Products Tanker,west_east,506545.0,
2026-02-21,Chemical / Products Tanker,west_east,519402.0,
2026-02-22,Chemical / Products Tanker,west_east,624456.0,
2026-02-23,Chemical / Products Tanker,west_east,430041.0,
2026-02-24,Chemical / Products Tanker,west_east,205183.0,
2026-02-25,Chemical / Products Tanker,west_east,480610.0,
2026-02-26,Chemical / Products Tanker,west_east,283225.0,
2026-02-27,Chemical / Products Tanker,west_east,468119.0,
2026-02-28,Chemical / Products Tanker,west_east,274621.0,
2026-03-01,Chemical / Products Tanker,west_east,180425.0,
2026-03-02,Chemical / Products Tanker,west_east,0.0,
2026-03-03,Chemical / Products Tanker,west_east,0.0,
2026-03-04,Chemical / Products Tanker,west_east,46308.0,
2026-03-05,Chemical / Products Tanker,west_east,0.0,
2026-03-06,Chemical / Products Tanker,west_east,0.0,
2026-03-07,Chemical / Products Tanker,west_east,12887.0,
2026-03-08,Chemical / Products Tanker,west_east,0.0,
2026-03-09,Chemical / Products Tanker,west_east,0.0,
2026-03-10,Chemical / Products Tanker,west_east,0.0,
2026-03-11,Chemical / Products Tanker,west_east,0.0,
2026-03-12,Chemical / Products Tanker,west_east,0.0,
2026-03-13,Chemical / Products Tanker,west_east,12083.0,
2026-03-14,Chemical / Products Tanker,west_east,6712.0,
2026-03-15,Chemical / Products Tanker,west_east,0.0,
2026-03-16,Chemical / Products Tanker,west_east,0.0,
2026-03-17,Chemical / Products Tanker,west_east,0.0,
2026-03-18,Chemical / Products Tanker,west_east,0.0,
2026-03-19,Chemical / Products Tanker,west_east,0.0,
2026-03-20,Chemical / Products Tanker,west_east,0.0,
2026-03-21,Chemical / Products Tanker,west_east,0.0,
2026-03-22,Chemical / Products Tanker,west_east,0.0,
2026-03-23,Chemical / Products Tanker,west_east,44999.0,
2026-03-24,Chemical / Products Tanker,west_east,0.0,
2026-03-25,Chemical / Products Tanker,west_east,0.0,
2026-03-26,Chemical / Products Tanker,west_east,0.0,
2026-03-27,Chemical / Products Tanker,west_east,0.0,
2026-03-28,Chemical / Products Tanker,west_east,0.0,
2026-03-29,Chemical / Products Tanker,west_east,0.0,
2026-03-30,Chemical / Products Tanker,west_east,0.0,
2026-03-31,Chemical / Products Tanker,west_east,0.0,
2026-04-01,Chemical / Products Tanker,west_east,0.0,
2026-04-02,Chemical / Products Tanker,west_east,44996.0,
2026-04-03,Chemical / Products Tanker,west_east,0.0,
2026-04-04,Chemical / Products Tanker,west_east,143457.0,
2026-04-05,Chemical / Products Tanker,west_east,48309.0,
2026-04-06,Chemical / Products Tanker,west_east,45557.0,
2026-04-07,Chemical / Products Tanker,west_east,46792.0,
2026-04-08,Chemical / Products Tanker,west_east,46048.0,
2026-04-09,Chemical / Products Tanker,west_east,0.0,
2026-04-10,Chemical / Products Tanker,west_east,0.0,
2026-04-11,Chemical / Products Tanker,west_east,0.0,
2026-04-12,Chemical / Products Tanker,west_east,46719.0,
2026-04-13,Chemical / Products Tanker,west_east,134696.0,
2026-04-14,Chemical / Products Tanker,west_east,36031.0,
2026-04-15,Chemical / Products Tanker,west_east,66115.0,
2026-04-16,Chemical / Products Tanker,west_east,44401.0,
2026-04-17,Chemical / Products Tanker,west_east,0.0,
2026-04-18,Chemical / Products Tanker,west_east,161057.0,
2026-04-19,Chemical / Products Tanker,west_east,0.0,
2026-04-20,Chemical / Products Tanker,west_east,92798.0,
2026-04-21,Chemical / Products Tanker,west_east,110186.0,
2026-04-22,Chemical / Products Tanker,west_east,0.0,
2026-04-23,Chemical / Products Tanker,west_east,0.0,
2026-04-24,Chemical / Products Tanker,west_east,51202.0,
2026-04-25,Chemical / Products Tanker,west_east,75120.0,
2026-04-26,Chemical / Products Tanker,west_east,0.0,
2026-04-27,Chemical / Products Tanker,west_east,44998.0,
2026-04-28,Chemical / Products Tanker,west_east,46048.0,
2026-04-29,Chemical / Products Tanker,west_east,0.0,
2026-04-30,Chemical / Products Tanker,west_east,74986.0,
2026-05-01,Chemical / Products Tanker,west_east,46792.0,
2026-05-02,Chemical / Products Tanker,west_east,49323.0,
2026-05-03,Chemical / Products Tanker,west_east,0.0,
2026-05-04,Chemical / Products Tanker,west_east,3601.0,
2026-05-05,Chemical / Products Tanker,west_east,0.0,
2026-05-06,Chemical / Products Tanker,west_east,0.0,
2026-05-07,Chemical / Products Tanker,west_east,0.0,
2026-05-08,Chemical / Products Tanker,west_east,0.0,
2026-05-09,Chemical / Products Tanker,west_east,0.0,
2026-05-10,Chemical / Products Tanker,west_east,45737.0,
2026-05-11,Chemical / Products Tanker,west_east,44970.0,
2026-05-12,Chemical / Products Tanker,west_east,0.0,
2026-05-13,Chemical / Products Tanker,west_east,0.0,
2026-05-14,Chemical / Products Tanker,west_east,46308.0,
2026-05-15,Chemical / Products Tanker,west_east,7119.0,
2026-05-16,Chemical / Products Tanker,west_east,0.0,
2026-05-17,Chemical / Products Tanker,west_east,0.0,
2026-05-18,Chemical / Products Tanker,west_east,0.0,
2026-05-19,Chemical / Products Tanker,west_east,0.0,
2026-05-20,Chemical / Products Tanker,west_east,0.0,
2026-05-21,Chemical / Products Tanker,west_east,60119.0,
2026-05-22,Chemical / Products Tanker,west_east,0.0,
2026-05-23,Chemical / Products Tanker,west_east,0.0,
2026-05-24,Chemical / Products Tanker,west_east,0.0,
2026-05-25,Chemical / Products Tanker,west_east,0.0,
2026-05-26,Chemical / Products Tanker,west_east,0.0,
2025-05-28,Crude Oil Tanker,both,4870160.0,35698272.8
2025-05-29,Crude Oil Tanker,both,6644919.0,48707256.27
2025-05-30,Crude Oil Tanker,both,4041356.0,29623139.48
2025-05-31,Crude Oil Tanker,both,4576651.0,33546851.830000002
2025-06-01,Crude Oil Tanker,both,5678092.0,41620414.36
2025-06-02,Crude Oil Tanker,both,5667117.0,41539967.61
2025-06-03,Crude Oil Tanker,both,6676020.0,48935226.6
2025-06-04,Crude Oil Tanker,both,4714173.0,34554888.09
2025-06-05,Crude Oil Tanker,both,5726357.0,41974196.81
2025-06-06,Crude Oil Tanker,both,6860642.0,50288505.86
2025-06-07,Crude Oil Tanker,both,6486746.0,47547848.18
2025-06-08,Crude Oil Tanker,both,6621058.0,48532355.14
2025-06-09,Crude Oil Tanker,both,5923283.0,43417664.39
2025-06-10,Crude Oil Tanker,both,5492650.0,40261124.5
2025-06-11,Crude Oil Tanker,both,4367392.0,32012983.36
2025-06-12,Crude Oil Tanker,both,5792917.0,42462081.61
2025-06-13,Crude Oil Tanker,both,4073592.0,29859429.36
2025-06-14,Crude Oil Tanker,both,4917878.0,36048045.74
2025-06-15,Crude Oil Tanker,both,5421459.0,39739294.47
2025-06-16,Crude Oil Tanker,both,4886920.0,35821123.6
2025-06-17,Crude Oil Tanker,both,4484247.0,32869530.51
2025-06-18,Crude Oil Tanker,both,7925624.0,58094823.92
2025-06-19,Crude Oil Tanker,both,5997766.0,43963624.78
2025-06-20,Crude Oil Tanker,both,5079620.0,37233614.6
2025-06-21,Crude Oil Tanker,both,4341707.0,31824712.31
2025-06-22,Crude Oil Tanker,both,4724916.0,34633634.28
2025-06-23,Crude Oil Tanker,both,5403989.0,39611239.37
2025-06-24,Crude Oil Tanker,both,3477027.0,25486607.91
2025-06-25,Crude Oil Tanker,both,7763693.0,56907869.69
2025-06-26,Crude Oil Tanker,both,6056080.0,44391066.4
2025-06-27,Crude Oil Tanker,both,5175228.0,37934421.24
2025-06-28,Crude Oil Tanker,both,5782225.0,42383709.25
2025-06-29,Crude Oil Tanker,both,4751217.0,34826420.61
2025-06-30,Crude Oil Tanker,both,4993107.0,36599474.31
2025-07-01,Crude Oil Tanker,both,5567162.0,40807297.46
2025-07-02,Crude Oil Tanker,both,6318327.0,46313336.910000004
2025-07-03,Crude Oil Tanker,both,6589872.0,48303761.76
2025-07-04,Crude Oil Tanker,both,6483898.0,47526972.34
2025-07-05,Crude Oil Tanker,both,5846292.0,42853320.36
2025-07-06,Crude Oil Tanker,both,3992800.0,29267224.0
2025-07-07,Crude Oil Tanker,both,4379360.0,32100708.8
2025-07-08,Crude Oil Tanker,both,4404879.0,32287763.07
2025-07-09,Crude Oil Tanker,both,7904236.0,57938049.88
2025-07-10,Crude Oil Tanker,both,5319511.0,38992015.63
2025-07-11,Crude Oil Tanker,both,7337913.0,53786902.29
2025-07-12,Crude Oil Tanker,both,6095448.0,44679633.84
2025-07-13,Crude Oil Tanker,both,4250711.0,31157711.63
2025-07-14,Crude Oil Tanker,both,6618500.0,48513605.0
2025-07-15,Crude Oil Tanker,both,5269561.0,38625882.13
2025-07-16,Crude Oil Tanker,both,4765048.0,34927801.84
2025-07-17,Crude Oil Tanker,both,5995238.0,43945094.54
2025-07-18,Crude Oil Tanker,both,6010370.0,44056012.1
2025-07-19,Crude Oil Tanker,both,5046276.0,36989203.08
2025-07-20,Crude Oil Tanker,both,6141271.0,45015516.43
2025-07-21,Crude Oil Tanker,both,5998177.0,43966637.410000004
2025-07-22,Crude Oil Tanker,both,4540001.0,33278207.330000002
2025-07-23,Crude Oil Tanker,both,5584597.0,40935096.01
2025-07-24,Crude Oil Tanker,both,4460098.0,32692518.34
2025-07-25,Crude Oil Tanker,both,4790085.0,35111323.05
2025-07-26,Crude Oil Tanker,both,6784678.0,49731689.74
2025-07-27,Crude Oil Tanker,both,4909121.0,35983856.93
2025-07-28,Crude Oil Tanker,both,4797209.0,35163541.97
2025-07-29,Crude Oil Tanker,both,4373981.0,32061280.73
2025-07-30,Crude Oil Tanker,both,6038424.0,44261647.92
2025-07-31,Crude Oil Tanker,both,5775607.0,42335199.31
2025-08-01,Crude Oil Tanker,both,5858452.0,42942453.160000004
2025-08-02,Crude Oil Tanker,both,7044082.0,51633121.06
2025-08-03,Crude Oil Tanker,both,5831237.0,42742967.21
2025-08-04,Crude Oil Tanker,both,3605152.0,26425764.16
2025-08-05,Crude Oil Tanker,both,7575689.0,55529800.37
2025-08-06,Crude Oil Tanker,both,4120162.0,30200787.46
2025-08-07,Crude Oil Tanker,both,6179891.0,45298601.03
2025-08-08,Crude Oil Tanker,both,6013649.0,44080047.17
2025-08-09,Crude Oil Tanker,both,6518392.0,47779813.36
2025-08-10,Crude Oil Tanker,both,6268195.0,45945869.35
2025-08-11,Crude Oil Tanker,both,4715158.0,34562108.14
2025-08-12,Crude Oil Tanker,both,5539792.0,40606675.36
2025-08-13,Crude Oil Tanker,both,5422540.0,39747218.2
2025-08-14,Crude Oil Tanker,both,6916300.0,50696479.0
2025-08-15,Crude Oil Tanker,both,6035883.0,44243022.39
2025-08-16,Crude Oil Tanker,both,3502144.0,25670715.52
2025-08-17,Crude Oil Tanker,both,7788880.0,57092490.4
2025-08-18,Crude Oil Tanker,both,4864346.0,35655656.18
2025-08-19,Crude Oil Tanker,both,5194578.0,38076256.74
2025-08-20,Crude Oil Tanker,both,3942858.0,28901149.14
2025-08-21,Crude Oil Tanker,both,5220432.0,38265766.56
2025-08-22,Crude Oil Tanker,both,6207328.0,45499714.24
2025-08-23,Crude Oil Tanker,both,5962281.0,43703519.73
2025-08-24,Crude Oil Tanker,both,5938301.0,43527746.33
2025-08-25,Crude Oil Tanker,both,4616268.0,33837244.44
2025-08-26,Crude Oil Tanker,both,5599529.0,41044547.57
2025-08-27,Crude Oil Tanker,both,6506976.0,47696134.08
2025-08-28,Crude Oil Tanker,both,4671544.0,34242417.52
2025-08-29,Crude Oil Tanker,both,4847750.0,35534007.5
2025-08-30,Crude Oil Tanker,both,6070646.0,44497835.18
2025-08-31,Crude Oil Tanker,both,7578613.0,55551233.29
2025-09-01,Crude Oil Tanker,both,5107329.0,37436721.57
2025-09-02,Crude Oil Tanker,both,4796189.0,35156065.37
2025-09-03,Crude Oil Tanker,both,4164660.0,30526957.8
2025-09-04,Crude Oil Tanker,both,6791701.0,49783168.33
2025-09-05,Crude Oil Tanker,both,5928247.0,43454050.51
2025-09-06,Crude Oil Tanker,both,6214634.0,45553267.22
2025-09-07,Crude Oil Tanker,both,4995701.0,36618488.33
2025-09-08,Crude Oil Tanker,both,6387808.0,46822632.64
2025-09-09,Crude Oil Tanker,both,3704004.0,27150349.32
2025-09-10,Crude Oil Tanker,both,6120244.0,44861388.52
2025-09-11,Crude Oil Tanker,both,4632050.0,33952926.5
2025-09-12,Crude Oil Tanker,both,6683483.0,48989930.39
2025-09-13,Crude Oil Tanker,both,4401749.0,32264820.17
2025-09-14,Crude Oil Tanker,both,5032659.0,36889390.47
2025-09-15,Crude Oil Tanker,both,5112759.0,37476523.47
2025-09-16,Crude Oil Tanker,both,6045185.0,44311206.05
2025-09-17,Crude Oil Tanker,both,4759109.0,34884268.97
2025-09-18,Crude Oil Tanker,both,5823220.0,42684202.6
2025-09-19,Crude Oil Tanker,both,5183409.0,37994387.97
2025-09-20,Crude Oil Tanker,both,5285695.0,38744144.35
2025-09-21,Crude Oil Tanker,both,6695971.0,49081467.43
2025-09-22,Crude Oil Tanker,both,5886871.0,43150764.43
2025-09-23,Crude Oil Tanker,both,5534217.0,40565810.61
2025-09-24,Crude Oil Tanker,both,4747985.0,34802730.05
2025-09-25,Crude Oil Tanker,both,5534512.0,40567972.96
2025-09-26,Crude Oil Tanker,both,4744546.0,34777522.18
2025-09-27,Crude Oil Tanker,both,6025265.0,44165192.45
2025-09-28,Crude Oil Tanker,both,7925250.0,58092082.5
2025-09-29,Crude Oil Tanker,both,4818860.0,35322243.8
2025-09-30,Crude Oil Tanker,both,3937082.0,28858811.06
2025-10-01,Crude Oil Tanker,both,4929360.0,36132208.8
2025-10-02,Crude Oil Tanker,both,7238449.0,53057831.17
2025-10-03,Crude Oil Tanker,both,4730239.0,34672651.87
2025-10-04,Crude Oil Tanker,both,3865008.0,28330508.64
2025-10-05,Crude Oil Tanker,both,7110866.0,52122647.78
2025-10-06,Crude Oil Tanker,both,4295487.0,31485919.71
2025-10-07,Crude Oil Tanker,both,7263739.0,53243206.87
2025-10-08,Crude Oil Tanker,both,4481214.0,32847298.62
2025-10-09,Crude Oil Tanker,both,6375447.0,46732026.51
2025-10-10,Crude Oil Tanker,both,5625458.0,41234607.14
2025-10-11,Crude Oil Tanker,both,6833207.0,50087407.31
2025-10-12,Crude Oil Tanker,both,4110546.0,30130302.18
2025-10-13,Crude Oil Tanker,both,5122617.0,37548782.61
2025-10-14,Crude Oil Tanker,both,6479515.0,47494844.95
2025-10-15,Crude Oil Tanker,both,6582162.0,48247247.46
2025-10-16,Crude Oil Tanker,both,4637750.0,33994707.5
2025-10-17,Crude Oil Tanker,both,6063318.0,44444120.94
2025-10-18,Crude Oil Tanker,both,4461425.0,32702245.25
2025-10-19,Crude Oil Tanker,both,5618950.0,41186903.5
2025-10-20,Crude Oil Tanker,both,5171152.0,37904544.160000004
2025-10-21,Crude Oil Tanker,both,6297746.0,46162478.18
2025-10-22,Crude Oil Tanker,both,5445442.0,39915089.86
2025-10-23,Crude Oil Tanker,both,4524280.0,33162972.4
2025-10-24,Crude Oil Tanker,both,7219572.0,52919462.76
2025-10-25,Crude Oil Tanker,both,6148466.0,45068255.78
2025-10-26,Crude Oil Tanker,both,4229159.0,30999735.47
2025-10-27,Crude Oil Tanker,both,4414464.0,32358021.12
2025-10-28,Crude Oil Tanker,both,4366352.0,32005360.16
2025-10-29,Crude Oil Tanker,both,4523086.0,33154220.38
2025-10-30,Crude Oil Tanker,both,5249654.0,38479963.82
2025-10-31,Crude Oil Tanker,both,6642669.0,48690763.77
2025-11-01,Crude Oil Tanker,both,5299122.0,38842564.26
2025-11-02,Crude Oil Tanker,both,5725435.0,41967438.55
2025-11-03,Crude Oil Tanker,both,4750287.0,34819603.71
2025-11-04,Crude Oil Tanker,both,6516486.0,47765842.38
2025-11-05,Crude Oil Tanker,both,5427221.0,39781529.93
2025-11-06,Crude Oil Tanker,both,5408090.0,39641299.7
2025-11-07,Crude Oil Tanker,both,4878713.0,35760966.29
2025-11-08,Crude Oil Tanker,both,5690354.0,41710294.82
2025-11-09,Crude Oil Tanker,both,6304780.0,46214037.4
2025-11-10,Crude Oil Tanker,both,5242397.0,38426770.01
2025-11-11,Crude Oil Tanker,both,4869942.0,35696674.86
2025-11-12,Crude Oil Tanker,both,5804337.0,42545790.21
2025-11-13,Crude Oil Tanker,both,5811885.0,42601117.05
2025-11-14,Crude Oil Tanker,both,5676535.0,41609001.55
2025-11-15,Crude Oil Tanker,both,5787467.0,42422133.11
2025-11-16,Crude Oil Tanker,both,5731000.0,42008230.0
2025-11-17,Crude Oil Tanker,both,5109737.0,37454372.21
2025-11-18,Crude Oil Tanker,both,6366980.0,46669963.4
2025-11-19,Crude Oil Tanker,both,5051400.0,37026762.0
2025-11-20,Crude Oil Tanker,both,6427765.0,47115517.45
2025-11-21,Crude Oil Tanker,both,6411847.0,46998838.51
2025-11-22,Crude Oil Tanker,both,5323947.0,39024531.51
2025-11-23,Crude Oil Tanker,both,6160813.0,45158759.29
2025-11-24,Crude Oil Tanker,both,3303771.0,24216641.43
2025-11-25,Crude Oil Tanker,both,6396993.0,46889958.69
2025-11-26,Crude Oil Tanker,both,5517097.0,40440321.01
2025-11-27,Crude Oil Tanker,both,6099572.0,44709862.76
2025-11-28,Crude Oil Tanker,both,3968432.0,29088606.56
2025-11-29,Crude Oil Tanker,both,5004435.0,36682508.55
2025-11-30,Crude Oil Tanker,both,5476059.0,40139512.47
2025-12-01,Crude Oil Tanker,both,5309865.0,38921310.45
2025-12-02,Crude Oil Tanker,both,6183578.0,45325626.74
2025-12-03,Crude Oil Tanker,both,4002260.0,29336565.8
2025-12-04,Crude Oil Tanker,both,7038112.0,51589360.96
2025-12-05,Crude Oil Tanker,both,4127908.0,30257565.64
2025-12-06,Crude Oil Tanker,both,4255599.0,31193540.67
2025-12-07,Crude Oil Tanker,both,5861469.0,42964567.77
2025-12-08,Crude Oil Tanker,both,4734033.0,34700461.89
2025-12-09,Crude Oil Tanker,both,4716813.0,34574239.29
2025-12-10,Crude Oil Tanker,both,5193577.0,38068919.410000004
2025-12-11,Crude Oil Tanker,both,5009311.0,36718249.63
2025-12-12,Crude Oil Tanker,both,4987338.0,36557187.54
2025-12-13,Crude Oil Tanker,both,3878568.0,28429903.44
2025-12-14,Crude Oil Tanker,both,6701668.0,49123226.44
2025-12-15,Crude Oil Tanker,both,5428336.0,39789702.88
2025-12-16,Crude Oil Tanker,both,5410404.0,39658261.32
2025-12-17,Crude Oil Tanker,both,2712314.0,19881261.62
2025-12-18,Crude Oil Tanker,both,6707033.0,49162551.89
2025-12-19,Crude Oil Tanker,both,4994564.0,36610154.12
2025-12-20,Crude Oil Tanker,both,2102422.0,15410753.26
2025-12-21,Crude Oil Tanker,both,4251928.0,31166632.240000002
2025-12-22,Crude Oil Tanker,both,5007359.0,36703941.47
2025-12-23,Crude Oil Tanker,both,7003577.0,51336219.410000004
2025-12-24,Crude Oil Tanker,both,5622747.0,41214735.51
2025-12-25,Crude Oil Tanker,both,4382499.0,32123717.67
2025-12-26,Crude Oil Tanker,both,6774762.0,49659005.46
2025-12-27,Crude Oil Tanker,both,7203349.0,52800548.17
2025-12-28,Crude Oil Tanker,both,4456866.0,32668827.78
2025-12-29,Crude Oil Tanker,both,3854744.0,28255273.52
2025-12-30,Crude Oil Tanker,both,3295424.0,24155457.92
2025-12-31,Crude Oil Tanker,both,3199933.0,23455508.89
2026-01-01,Crude Oil Tanker,both,5537806.0,40592117.98
2026-01-02,Crude Oil Tanker,both,4673328.0,34255494.24
2026-01-03,Crude Oil Tanker,both,5758975.0,42213286.75
2026-01-04,Crude Oil Tanker,both,5557339.0,40735294.87
2026-01-05,Crude Oil Tanker,both,5573141.0,40851123.53
2026-01-06,Crude Oil Tanker,both,4202321.0,30803012.93
2026-01-07,Crude Oil Tanker,both,4548033.0,33337081.89
2026-01-08,Crude Oil Tanker,both,5266376.0,38602536.08
2026-01-09,Crude Oil Tanker,both,5589627.0,40971965.910000004
2026-01-10,Crude Oil Tanker,both,5876640.0,43075771.2
2026-01-11,Crude Oil Tanker,both,4133952.0,30301868.16
2026-01-12,Crude Oil Tanker,both,6732756.0,49351101.480000004
2026-01-13,Crude Oil Tanker,both,5265586.0,38596745.38
2026-01-14,Crude Oil Tanker,both,5051471.0,37027282.43
2026-01-15,Crude Oil Tanker,both,5852736.0,42900554.88
2026-01-16,Crude Oil Tanker,both,4907421.0,35971395.93
2026-01-17,Crude Oil Tanker,both,4137115.0,30325052.95
2026-01-18,Crude Oil Tanker,both,5010902.0,36729911.660000004
2026-01-19,Crude Oil Tanker,both,3478978.0,25500908.740000002
2026-01-20,Crude Oil Tanker,both,7447882.0,54592975.06
2026-01-21,Crude Oil Tanker,both,7023195.0,51480019.35
2026-01-22,Crude Oil Tanker,both,5385554.0,39476110.82
2026-01-23,Crude Oil Tanker,both,6408938.0,46977515.54
2026-01-24,Crude Oil Tanker,both,4144310.0,30377792.3
2026-01-25,Crude Oil Tanker,both,7667673.0,56204043.09
2026-01-26,Crude Oil Tanker,both,5877169.0,43079648.77
2026-01-27,Crude Oil Tanker,both,2824758.0,20705476.14
2026-01-28,Crude Oil Tanker,both,5696615.0,41756187.95
2026-01-29,Crude Oil Tanker,both,6953684.0,50970503.72
2026-01-30,Crude Oil Tanker,both,5083599.0,37262780.67
2026-01-31,Crude Oil Tanker,both,8454428.0,61970957.24
2026-02-01,Crude Oil Tanker,both,5027475.0,36851391.75
2026-02-02,Crude Oil Tanker,both,5205357.0,38155266.81
2026-02-03,Crude Oil Tanker,both,6594737.0,48339422.21
2026-02-04,Crude Oil Tanker,both,4870546.0,35701102.18
2026-02-05,Crude Oil Tanker,both,4137789.0,30329993.37
2026-02-06,Crude Oil Tanker,both,6377220.0,46745022.6
2026-02-07,Crude Oil Tanker,both,5389795.0,39507197.35
2026-02-08,Crude Oil Tanker,both,4569711.0,33495981.63
2026-02-09,Crude Oil Tanker,both,4894778.0,35878722.74
2026-02-10,Crude Oil Tanker,both,5591166.0,40983246.78
2026-02-11,Crude Oil Tanker,both,5984528.0,43866590.24
2026-02-12,Crude Oil Tanker,both,5341310.0,39151802.3
2026-02-13,Crude Oil Tanker,both,7128989.0,52255489.37
2026-02-14,Crude Oil Tanker,both,7004326.0,51341709.58
2026-02-15,Crude Oil Tanker,both,4469968.0,32764865.44
2026-02-16,Crude Oil Tanker,both,7099782.0,52041402.06
2026-02-17,Crude Oil Tanker,both,5959432.0,43682636.56
2026-02-18,Crude Oil Tanker,both,6951135.0,50951819.55
2026-02-19,Crude Oil Tanker,both,6564575.0,48118334.75
2026-02-20,Crude Oil Tanker,both,4816712.0,35306498.96
2026-02-21,Crude Oil Tanker,both,5431979.0,39816406.07
2026-02-22,Crude Oil Tanker,both,6108075.0,44772189.75
2026-02-23,Crude Oil Tanker,both,6176686.0,45275108.38
2026-02-24,Crude Oil Tanker,both,5294721.0,38810304.93
2026-02-25,Crude Oil Tanker,both,6400632.0,46916632.56
2026-02-26,Crude Oil Tanker,both,5652246.0,41430963.18
2026-02-27,Crude Oil Tanker,both,5643318.0,41365520.94
2026-02-28,Crude Oil Tanker,both,5359102.0,39282217.660000004
2026-03-01,Crude Oil Tanker,both,888066.0,6509523.78
2026-03-02,Crude Oil Tanker,both,14806.0,108527.98
2026-03-03,Crude Oil Tanker,both,5887.0,43151.71
2026-03-04,Crude Oil Tanker,both,0.0,0.0
2026-03-05,Crude Oil Tanker,both,6143.0,45028.19
2026-03-06,Crude Oil Tanker,both,0.0,0.0
2026-03-07,Crude Oil Tanker,both,281050.0,2060096.5
2026-03-08,Crude Oil Tanker,both,314542.0,2305592.86
2026-03-09,Crude Oil Tanker,both,296068.0,2170178.44
2026-03-10,Crude Oil Tanker,both,0.0,0.0
2026-03-11,Crude Oil Tanker,both,298972.0,2191464.7600000002
2026-03-12,Crude Oil Tanker,both,0.0,0.0
2026-03-13,Crude Oil Tanker,both,0.0,0.0
2026-03-14,Crude Oil Tanker,both,0.0,0.0
2026-03-15,Crude Oil Tanker,both,408404.0,2993601.32
2026-03-16,Crude Oil Tanker,both,0.0,0.0
2026-03-17,Crude Oil Tanker,both,0.0,0.0
2026-03-18,Crude Oil Tanker,both,0.0,0.0
2026-03-19,Crude Oil Tanker,both,0.0,0.0
2026-03-20,Crude Oil Tanker,both,72807.0,533675.31
2026-03-21,Crude Oil Tanker,both,0.0,0.0
2026-03-22,Crude Oil Tanker,both,0.0,0.0
2026-03-23,Crude Oil Tanker,both,0.0,0.0
2026-03-24,Crude Oil Tanker,both,0.0,0.0
2026-03-25,Crude Oil Tanker,both,0.0,0.0
2026-03-26,Crude Oil Tanker,both,0.0,0.0
2026-03-27,Crude Oil Tanker,both,112679.0,825937.0700000001
2026-03-28,Crude Oil Tanker,both,0.0,0.0
2026-03-29,Crude Oil Tanker,both,106500.0,780645.0
2026-03-30,Crude Oil Tanker,both,0.0,0.0
2026-03-31,Crude Oil Tanker,both,0.0,0.0
2026-04-01,Crude Oil Tanker,both,0.0,0.0
2026-04-02,Crude Oil Tanker,both,158817.0,1164128.61
2026-04-03,Crude Oil Tanker,both,0.0,0.0
2026-04-04,Crude Oil Tanker,both,0.0,0.0
2026-04-05,Crude Oil Tanker,both,263895.0,1934350.35
2026-04-06,Crude Oil Tanker,both,299152.0,2192784.16
2026-04-07,Crude Oil Tanker,both,0.0,0.0
2026-04-08,Crude Oil Tanker,both,0.0,0.0
2026-04-09,Crude Oil Tanker,both,475361.0,3484396.13
2026-04-10,Crude Oil Tanker,both,0.0,0.0
2026-04-11,Crude Oil Tanker,both,928396.0,6805142.68
2026-04-12,Crude Oil Tanker,both,404707.0,2966502.31
2026-04-13,Crude Oil Tanker,both,0.0,0.0
2026-04-14,Crude Oil Tanker,both,0.0,0.0
2026-04-15,Crude Oil Tanker,both,880312.0,6452686.96
2026-04-16,Crude Oil Tanker,both,105315.0,771958.95
2026-04-17,Crude Oil Tanker,both,0.0,0.0
2026-04-18,Crude Oil Tanker,both,416651.0,3054051.83
2026-04-19,Crude Oil Tanker,both,0.0,0.0
2026-04-20,Crude Oil Tanker,both,0.0,0.0
2026-04-21,Crude Oil Tanker,both,0.0,0.0
2026-04-22,Crude Oil Tanker,both,73004.0,535119.32
2026-04-23,Crude Oil Tanker,both,4500.0,32985.0
2026-04-24,Crude Oil Tanker,both,0.0,0.0
2026-04-25,Crude Oil Tanker,both,0.0,0.0
2026-04-26,Crude Oil Tanker,both,0.0,0.0
2026-04-27,Crude Oil Tanker,both,0.0,0.0
2026-04-28,Crude Oil Tanker,both,300433.0,2202173.89
2026-04-29,Crude Oil Tanker,both,11047.0,80974.51
2026-04-30,Crude Oil Tanker,both,6603.0,48399.99
2026-05-01,Crude Oil Tanker,both,0.0,0.0
2026-05-02,Crude Oil Tanker,both,7047.0,51654.51
2026-05-03,Crude Oil Tanker,both,0.0,0.0
2026-05-04,Crude Oil Tanker,both,0.0,0.0
2026-05-05,Crude Oil Tanker,both,0.0,0.0
2026-05-06,Crude Oil Tanker,both,0.0,0.0
2026-05-07,Crude Oil Tanker,both,0.0,0.0
2026-05-08,Crude Oil Tanker,both,0.0,0.0
2026-05-09,Crude Oil Tanker,both,0.0,0.0
2026-05-10,Crude Oil Tanker,both,0.0,0.0
2026-05-11,Crude Oil Tanker,both,0.0,0.0
2026-05-12,Crude Oil Tanker,both,0.0,0.0
2026-05-13,Crude Oil Tanker,both,620800.0,4550464.0
2026-05-14,Crude Oil Tanker,both,0.0,0.0
2026-05-15,Crude Oil Tanker,both,0.0,0.0
2026-05-16,Crude Oil Tanker,both,112232.0,822660.56
2026-05-17,Crude Oil Tanker,both,317713.0,2328836.29
2026-05-18,Crude Oil Tanker,both,2005.0,14696.65
2026-05-19,Crude Oil Tanker,both,0.0,0.0
2026-05-20,Crude Oil Tanker,both,5872.0,43041.76
2026-05-21,Crude Oil Tanker,both,70955.0,520100.15
2026-05-22,Crude Oil Tanker,both,0.0,0.0
2026-05-23,Crude Oil Tanker,both,320122.0,2346494.2600000002
2026-05-24,Crude Oil Tanker,both,0.0,0.0
2026-05-25,Crude Oil Tanker,both,0.0,0.0
2026-05-26,Crude Oil Tanker,both,299525.0,2195518.25
2025-05-28,Crude Oil Tanker,east_west,2646840.0,19401337.2
2025-05-29,Crude Oil Tanker,east_west,3215697.0,23571059.01
2025-05-30,Crude Oil Tanker,east_west,2237606.0,16401651.98
2025-05-31,Crude Oil Tanker,east_west,2881727.0,21123058.91
2025-06-01,Crude Oil Tanker,east_west,3128668.0,22933136.44
2025-06-02,Crude Oil Tanker,east_west,3229497.0,23672213.01
2025-06-03,Crude Oil Tanker,east_west,3575701.0,26209888.330000002
2025-06-04,Crude Oil Tanker,east_west,1637977.0,12006371.41
2025-06-05,Crude Oil Tanker,east_west,2916859.0,21380576.47
2025-06-06,Crude Oil Tanker,east_west,4166519.0,30540584.27
2025-06-07,Crude Oil Tanker,east_west,2914597.0,21363996.01
2025-06-08,Crude Oil Tanker,east_west,3112630.0,22815577.9
2025-06-09,Crude Oil Tanker,east_west,3188443.0,23371287.19
2025-06-10,Crude Oil Tanker,east_west,2056094.0,15071169.02
2025-06-11,Crude Oil Tanker,east_west,1816149.0,13312372.17
2025-06-12,Crude Oil Tanker,east_west,3111265.0,22805572.45
2025-06-13,Crude Oil Tanker,east_west,1632290.0,11964685.7
2025-06-14,Crude Oil Tanker,east_west,2558042.0,18750447.86
2025-06-15,Crude Oil Tanker,east_west,1955569.0,14334320.77
2025-06-16,Crude Oil Tanker,east_west,2044961.0,14989564.13
2025-06-17,Crude Oil Tanker,east_west,2079318.0,15241400.94
2025-06-18,Crude Oil Tanker,east_west,5034563.0,36903346.79
2025-06-19,Crude Oil Tanker,east_west,2764287.0,20262223.71
2025-06-20,Crude Oil Tanker,east_west,2878464.0,21099141.12
2025-06-21,Crude Oil Tanker,east_west,2832239.0,20760311.87
2025-06-22,Crude Oil Tanker,east_west,2296557.0,16833762.81
2025-06-23,Crude Oil Tanker,east_west,3915931.0,28703774.23
2025-06-24,Crude Oil Tanker,east_west,1265020.0,9272596.6
2025-06-25,Crude Oil Tanker,east_west,4641614.0,34023030.62
2025-06-26,Crude Oil Tanker,east_west,2673331.0,19595516.23
2025-06-27,Crude Oil Tanker,east_west,3597715.0,26371250.95
2025-06-28,Crude Oil Tanker,east_west,2405431.0,17631809.23
2025-06-29,Crude Oil Tanker,east_west,2330456.0,17082242.48
2025-06-30,Crude Oil Tanker,east_west,2008409.0,14721637.97
2025-07-01,Crude Oil Tanker,east_west,3763951.0,27589760.830000002
2025-07-02,Crude Oil Tanker,east_west,3902176.0,28602950.080000002
2025-07-03,Crude Oil Tanker,east_west,3847739.0,28203926.87
2025-07-04,Crude Oil Tanker,east_west,2733984.0,20040102.72
2025-07-05,Crude Oil Tanker,east_west,3026019.0,22180719.27
2025-07-06,Crude Oil Tanker,east_west,2104453.0,15425640.49
2025-07-07,Crude Oil Tanker,east_west,2460963.0,18038858.79
2025-07-08,Crude Oil Tanker,east_west,2684591.0,19678052.03
2025-07-09,Crude Oil Tanker,east_west,3315574.0,24303157.42
2025-07-10,Crude Oil Tanker,east_west,2965921.0,21740200.93
2025-07-11,Crude Oil Tanker,east_west,3080366.0,22579082.78
2025-07-12,Crude Oil Tanker,east_west,2103269.0,15416961.77
2025-07-13,Crude Oil Tanker,east_west,2897721.0,21240294.93
2025-07-14,Crude Oil Tanker,east_west,3467548.0,25417126.84
2025-07-15,Crude Oil Tanker,east_west,3017213.0,22116171.29
2025-07-16,Crude Oil Tanker,east_west,1877595.0,13762771.35
2025-07-17,Crude Oil Tanker,east_west,2412004.0,17679989.32
2025-07-18,Crude Oil Tanker,east_west,3453835.0,25316610.55
2025-07-19,Crude Oil Tanker,east_west,3460142.0,25362840.86
2025-07-20,Crude Oil Tanker,east_west,2862765.0,20984067.45
2025-07-21,Crude Oil Tanker,east_west,2581505.0,18922431.65
2025-07-22,Crude Oil Tanker,east_west,2021800.0,14819794.0
2025-07-23,Crude Oil Tanker,east_west,2856553.0,20938533.49
2025-07-24,Crude Oil Tanker,east_west,2780448.0,20380683.84
2025-07-25,Crude Oil Tanker,east_west,1804625.0,13227901.25
2025-07-26,Crude Oil Tanker,east_west,3258213.0,23882701.29
2025-07-27,Crude Oil Tanker,east_west,1980893.0,14519945.69
2025-07-28,Crude Oil Tanker,east_west,2971617.0,21781952.61
2025-07-29,Crude Oil Tanker,east_west,2300924.0,16865772.92
2025-07-30,Crude Oil Tanker,east_west,3019441.0,22132502.53
2025-07-31,Crude Oil Tanker,east_west,3210243.0,23531081.19
2025-08-01,Crude Oil Tanker,east_west,3343916.0,24510904.28
2025-08-02,Crude Oil Tanker,east_west,3794075.0,27810569.75
2025-08-03,Crude Oil Tanker,east_west,3038398.0,22271457.34
2025-08-04,Crude Oil Tanker,east_west,1692406.0,12405335.98
2025-08-05,Crude Oil Tanker,east_west,4344276.0,31843543.080000002
2025-08-06,Crude Oil Tanker,east_west,2002730.0,14680010.9
2025-08-07,Crude Oil Tanker,east_west,2061181.0,15108456.73
2025-08-08,Crude Oil Tanker,east_west,2040450.0,14956498.5
2025-08-09,Crude Oil Tanker,east_west,3845155.0,28184986.15
2025-08-10,Crude Oil Tanker,east_west,3482239.0,25524811.87
2025-08-11,Crude Oil Tanker,east_west,2260499.0,16569457.67
2025-08-12,Crude Oil Tanker,east_west,3182728.0,23329396.240000002
2025-08-13,Crude Oil Tanker,east_west,2982769.0,21863696.77
2025-08-14,Crude Oil Tanker,east_west,3723593.0,27293936.69
2025-08-15,Crude Oil Tanker,east_west,2026241.0,14852346.53
2025-08-16,Crude Oil Tanker,east_west,2296854.0,16835939.82
2025-08-17,Crude Oil Tanker,east_west,4488878.0,32903475.740000002
2025-08-18,Crude Oil Tanker,east_west,3004647.0,22024062.51
2025-08-19,Crude Oil Tanker,east_west,1008630.0,7393257.9
2025-08-20,Crude Oil Tanker,east_west,1554618.0,11395349.94
2025-08-21,Crude Oil Tanker,east_west,2278353.0,16700327.49
2025-08-22,Crude Oil Tanker,east_west,3045361.0,22322496.13
2025-08-23,Crude Oil Tanker,east_west,3258512.0,23884892.96
2025-08-24,Crude Oil Tanker,east_west,3028211.0,22196786.63
2025-08-25,Crude Oil Tanker,east_west,2529789.0,18543353.37
2025-08-26,Crude Oil Tanker,east_west,2087525.0,15301558.25
2025-08-27,Crude Oil Tanker,east_west,3878483.0,28429280.39
2025-08-28,Crude Oil Tanker,east_west,2548899.0,18683429.67
2025-08-29,Crude Oil Tanker,east_west,1977330.0,14493828.9
2025-08-30,Crude Oil Tanker,east_west,2836069.0,20788385.77
2025-08-31,Crude Oil Tanker,east_west,4063827.0,29787851.91
2025-09-01,Crude Oil Tanker,east_west,2498088.0,18310985.04
2025-09-02,Crude Oil Tanker,east_west,2297206.0,16838519.98
2025-09-03,Crude Oil Tanker,east_west,889021.0,6516523.93
2025-09-04,Crude Oil Tanker,east_west,3865569.0,28334620.77
2025-09-05,Crude Oil Tanker,east_west,2902101.0,21272400.330000002
2025-09-06,Crude Oil Tanker,east_west,3383779.0,24803100.07
2025-09-07,Crude Oil Tanker,east_west,1881002.0,13787744.66
2025-09-08,Crude Oil Tanker,east_west,3420368.0,25071297.44
2025-09-09,Crude Oil Tanker,east_west,2027990.0,14865166.7
2025-09-10,Crude Oil Tanker,east_west,3694825.0,27083067.25
2025-09-11,Crude Oil Tanker,east_west,1535252.0,11253397.16
2025-09-12,Crude Oil Tanker,east_west,4040625.0,29617781.25
2025-09-13,Crude Oil Tanker,east_west,1717041.0,12585910.53
2025-09-14,Crude Oil Tanker,east_west,1600848.0,11734215.84
2025-09-15,Crude Oil Tanker,east_west,2677082.0,19623011.06
2025-09-16,Crude Oil Tanker,east_west,3324682.0,24369919.06
2025-09-17,Crude Oil Tanker,east_west,2909536.0,21326898.88
2025-09-18,Crude Oil Tanker,east_west,3022165.0,22152469.45
2025-09-19,Crude Oil Tanker,east_west,2583677.0,18938352.41
2025-09-20,Crude Oil Tanker,east_west,2654799.0,19459676.67
2025-09-21,Crude Oil Tanker,east_west,2775849.0,20346973.17
2025-09-22,Crude Oil Tanker,east_west,3713118.0,27217154.94
2025-09-23,Crude Oil Tanker,east_west,1905446.0,13966919.18
2025-09-24,Crude Oil Tanker,east_west,2099719.0,15390940.27
2025-09-25,Crude Oil Tanker,east_west,2806407.0,20570963.31
2025-09-26,Crude Oil Tanker,east_west,3164341.0,23194619.53
2025-09-27,Crude Oil Tanker,east_west,3578705.0,26231907.65
2025-09-28,Crude Oil Tanker,east_west,3981026.0,29180920.580000002
2025-09-29,Crude Oil Tanker,east_west,1946808.0,14270102.64
2025-09-30,Crude Oil Tanker,east_west,2479635.0,18175724.55
2025-10-01,Crude Oil Tanker,east_west,2417467.0,17720033.11
2025-10-02,Crude Oil Tanker,east_west,4075040.0,29870043.2
2025-10-03,Crude Oil Tanker,east_west,1040424.0,7626307.92
2025-10-04,Crude Oil Tanker,east_west,2026583.0,14854853.39
2025-10-05,Crude Oil Tanker,east_west,3374918.0,24738148.94
2025-10-06,Crude Oil Tanker,east_west,1383535.0,10141311.55
2025-10-07,Crude Oil Tanker,east_west,3502866.0,25676007.78
2025-10-08,Crude Oil Tanker,east_west,2809539.0,20593920.87
2025-10-09,Crude Oil Tanker,east_west,3912374.0,28677701.42
2025-10-10,Crude Oil Tanker,east_west,2817857.0,20654891.81
2025-10-11,Crude Oil Tanker,east_west,3033771.0,22237541.43
2025-10-12,Crude Oil Tanker,east_west,2657667.0,19480699.11
2025-10-13,Crude Oil Tanker,east_west,3585134.0,26279032.22
2025-10-14,Crude Oil Tanker,east_west,1167363.0,8556770.790000001
2025-10-15,Crude Oil Tanker,east_west,3857136.0,28272806.88
2025-10-16,Crude Oil Tanker,east_west,1774423.0,13006520.59
2025-10-17,Crude Oil Tanker,east_west,3853717.0,28247745.61
2025-10-18,Crude Oil Tanker,east_west,1918657.0,14063755.81
2025-10-19,Crude Oil Tanker,east_west,2710077.0,19864864.41
2025-10-20,Crude Oil Tanker,east_west,2876065.0,21081556.45
2025-10-21,Crude Oil Tanker,east_west,3513664.0,25755157.12
2025-10-22,Crude Oil Tanker,east_west,2265496.0,16606085.68
2025-10-23,Crude Oil Tanker,east_west,1580152.0,11582514.16
2025-10-24,Crude Oil Tanker,east_west,4258034.0,31211389.22
2025-10-25,Crude Oil Tanker,east_west,3142788.0,23036636.04
2025-10-26,Crude Oil Tanker,east_west,2419823.0,17737302.59
2025-10-27,Crude Oil Tanker,east_west,2054593.0,15060166.69
2025-10-28,Crude Oil Tanker,east_west,2299667.0,16856559.11
2025-10-29,Crude Oil Tanker,east_west,2497656.0,18307818.48
2025-10-30,Crude Oil Tanker,east_west,2864731.0,20998478.23
2025-10-31,Crude Oil Tanker,east_west,2801139.0,20532348.87
2025-11-01,Crude Oil Tanker,east_west,2731919.0,20024966.27
2025-11-02,Crude Oil Tanker,east_west,2077456.0,15227752.48
2025-11-03,Crude Oil Tanker,east_west,1827896.0,13398477.68
2025-11-04,Crude Oil Tanker,east_west,5196769.0,38092316.77
2025-11-05,Crude Oil Tanker,east_west,1698582.0,12450606.06
2025-11-06,Crude Oil Tanker,east_west,2907480.0,21311828.4
2025-11-07,Crude Oil Tanker,east_west,3070998.0,22510415.34
2025-11-08,Crude Oil Tanker,east_west,2658155.0,19484276.15
2025-11-09,Crude Oil Tanker,east_west,2431312.0,17821516.96
2025-11-10,Crude Oil Tanker,east_west,2441759.0,17898093.47
2025-11-11,Crude Oil Tanker,east_west,2376698.0,17421196.34
2025-11-12,Crude Oil Tanker,east_west,2407708.0,17648499.64
2025-11-13,Crude Oil Tanker,east_west,3748774.0,27478513.42
2025-11-14,Crude Oil Tanker,east_west,2249190.0,16486562.7
2025-11-15,Crude Oil Tanker,east_west,2672408.0,19588750.64
2025-11-16,Crude Oil Tanker,east_west,2273421.0,16664175.93
2025-11-17,Crude Oil Tanker,east_west,3904773.0,28621986.09
2025-11-18,Crude Oil Tanker,east_west,3797881.0,27838467.73
2025-11-19,Crude Oil Tanker,east_west,2049010.0,15019243.3
2025-11-20,Crude Oil Tanker,east_west,2921256.0,21412806.48
2025-11-21,Crude Oil Tanker,east_west,3486848.0,25558595.84
2025-11-22,Crude Oil Tanker,east_west,3421401.0,25078869.330000002
2025-11-23,Crude Oil Tanker,east_west,3066925.0,22480560.25
2025-11-24,Crude Oil Tanker,east_west,1778358.0,13035364.14
2025-11-25,Crude Oil Tanker,east_west,2694439.0,19750237.87
2025-11-26,Crude Oil Tanker,east_west,3182904.0,23330686.32
2025-11-27,Crude Oil Tanker,east_west,3307278.0,24242347.740000002
2025-11-28,Crude Oil Tanker,east_west,2397515.0,17573784.95
2025-11-29,Crude Oil Tanker,east_west,1985211.0,14551596.63
2025-11-30,Crude Oil Tanker,east_west,2539801.0,18616741.330000002
2025-12-01,Crude Oil Tanker,east_west,2422307.0,17755510.31
2025-12-02,Crude Oil Tanker,east_west,3751597.0,27499206.01
2025-12-03,Crude Oil Tanker,east_west,1510083.0,11068908.39
2025-12-04,Crude Oil Tanker,east_west,3238202.0,23736020.66
2025-12-05,Crude Oil Tanker,east_west,1799443.0,13189917.19
2025-12-06,Crude Oil Tanker,east_west,2517554.0,18453670.82
2025-12-07,Crude Oil Tanker,east_west,2323403.0,17030543.99
2025-12-08,Crude Oil Tanker,east_west,2452603.0,17977579.99
2025-12-09,Crude Oil Tanker,east_west,2376737.0,17421482.21
2025-12-10,Crude Oil Tanker,east_west,3317070.0,24314123.1
2025-12-11,Crude Oil Tanker,east_west,1419458.0,10404627.14
2025-12-12,Crude Oil Tanker,east_west,2686493.0,19691993.69
2025-12-13,Crude Oil Tanker,east_west,2077803.0,15230295.99
2025-12-14,Crude Oil Tanker,east_west,3025744.0,22178703.52
2025-12-15,Crude Oil Tanker,east_west,2837817.0,20801198.61
2025-12-16,Crude Oil Tanker,east_west,1967583.0,14422383.39
2025-12-17,Crude Oil Tanker,east_west,1849953.0,13560155.49
2025-12-18,Crude Oil Tanker,east_west,4454304.0,32650048.32
2025-12-19,Crude Oil Tanker,east_west,2089368.0,15315067.44
2025-12-20,Crude Oil Tanker,east_west,1154675.0,8463767.75
2025-12-21,Crude Oil Tanker,east_west,2696278.0,19763717.74
2025-12-22,Crude Oil Tanker,east_west,3552272.0,26038153.76
2025-12-23,Crude Oil Tanker,east_west,2611373.0,19141364.09
2025-12-24,Crude Oil Tanker,east_west,3142077.0,23031424.41
2025-12-25,Crude Oil Tanker,east_west,2197366.0,16106692.78
2025-12-26,Crude Oil Tanker,east_west,2859985.0,20963690.05
2025-12-27,Crude Oil Tanker,east_west,3535386.0,25914379.38
2025-12-28,Crude Oil Tanker,east_west,1619235.0,11868992.55
2025-12-29,Crude Oil Tanker,east_west,2659395.0,19493365.35
2025-12-30,Crude Oil Tanker,east_west,1327755.0,9732444.15
2025-12-31,Crude Oil Tanker,east_west,1991955.0,14601030.15
2026-01-01,Crude Oil Tanker,east_west,3290761.0,24121278.13
2026-01-02,Crude Oil Tanker,east_west,1898335.0,13914795.55
2026-01-03,Crude Oil Tanker,east_west,3025075.0,22173799.75
2026-01-04,Crude Oil Tanker,east_west,2709375.0,19859718.75
2026-01-05,Crude Oil Tanker,east_west,3139464.0,23012271.12
2026-01-06,Crude Oil Tanker,east_west,2472465.0,18123168.45
2026-01-07,Crude Oil Tanker,east_west,2330837.0,17085035.21
2026-01-08,Crude Oil Tanker,east_west,2493148.0,18274774.84
2026-01-09,Crude Oil Tanker,east_west,2302519.0,16877464.27
2026-01-10,Crude Oil Tanker,east_west,2215267.0,16237907.11
2026-01-11,Crude Oil Tanker,east_west,2059015.0,15092579.95
2026-01-12,Crude Oil Tanker,east_west,3810770.0,27932944.1
2026-01-13,Crude Oil Tanker,east_west,2910225.0,21331949.25
2026-01-14,Crude Oil Tanker,east_west,2622915.0,19225966.95
2026-01-15,Crude Oil Tanker,east_west,2947569.0,21605680.77
2026-01-16,Crude Oil Tanker,east_west,2353624.0,17252063.92
2026-01-17,Crude Oil Tanker,east_west,2400643.0,17596713.19
2026-01-18,Crude Oil Tanker,east_west,2390823.0,17524732.59
2026-01-19,Crude Oil Tanker,east_west,1404472.0,10294779.76
2026-01-20,Crude Oil Tanker,east_west,4639288.0,34005981.04
2026-01-21,Crude Oil Tanker,east_west,3006610.0,22038451.3
2026-01-22,Crude Oil Tanker,east_west,3500303.0,25657220.990000002
2026-01-23,Crude Oil Tanker,east_west,3800363.0,27856660.79
2026-01-24,Crude Oil Tanker,east_west,2273363.0,16663750.790000001
2026-01-25,Crude Oil Tanker,east_west,3626502.0,26582259.66
2026-01-26,Crude Oil Tanker,east_west,2923752.0,21431102.16
2026-01-27,Crude Oil Tanker,east_west,564285.0,4136209.05
2026-01-28,Crude Oil Tanker,east_west,3844123.0,28177421.59
2026-01-29,Crude Oil Tanker,east_west,3454923.0,25324585.59
2026-01-30,Crude Oil Tanker,east_west,1590779.0,11660410.07
2026-01-31,Crude Oil Tanker,east_west,4790043.0,35111015.19
2026-02-01,Crude Oil Tanker,east_west,2704862.0,19826638.46
2026-02-02,Crude Oil Tanker,east_west,1246190.0,9134572.7
2026-02-03,Crude Oil Tanker,east_west,3693170.0,27070936.1
2026-02-04,Crude Oil Tanker,east_west,2583274.0,18935398.42
2026-02-05,Crude Oil Tanker,east_west,1708751.0,12525144.83
2026-02-06,Crude Oil Tanker,east_west,3942951.0,28901830.830000002
2026-02-07,Crude Oil Tanker,east_west,2905847.0,21299858.51
2026-02-08,Crude Oil Tanker,east_west,2347821.0,17209527.93
2026-02-09,Crude Oil Tanker,east_west,2493518.0,18277486.94
2026-02-10,Crude Oil Tanker,east_west,1939012.0,14212957.96
2026-02-11,Crude Oil Tanker,east_west,3415661.0,25036795.13
2026-02-12,Crude Oil Tanker,east_west,2281808.0,16725652.64
2026-02-13,Crude Oil Tanker,east_west,4145091.0,30383517.03
2026-02-14,Crude Oil Tanker,east_west,3931242.0,28816003.86
2026-02-15,Crude Oil Tanker,east_west,1763393.0,12925670.69
2026-02-16,Crude Oil Tanker,east_west,3603062.0,26410444.46
2026-02-17,Crude Oil Tanker,east_west,2980123.0,21844301.59
2026-02-18,Crude Oil Tanker,east_west,3909401.0,28655909.330000002
2026-02-19,Crude Oil Tanker,east_west,3814480.0,27960138.4
2026-02-20,Crude Oil Tanker,east_west,2612503.0,19149646.99
2026-02-21,Crude Oil Tanker,east_west,2985579.0,21884294.07
2026-02-22,Crude Oil Tanker,east_west,3207160.0,23508482.8
2026-02-23,Crude Oil Tanker,east_west,3810845.0,27933493.85
2026-02-24,Crude Oil Tanker,east_west,2968096.0,21756143.68
2026-02-25,Crude Oil Tanker,east_west,2615148.0,19169034.84
2026-02-26,Crude Oil Tanker,east_west,3726859.0,27317876.47
2026-02-27,Crude Oil Tanker,east_west,2168275.0,15893455.75
2026-02-28,Crude Oil Tanker,east_west,2112281.0,15483019.73
2026-03-01,Crude Oil Tanker,east_west,459388.0,3367314.04
2026-03-02,Crude Oil Tanker,east_west,0.0,0.0
2026-03-03,Crude Oil Tanker,east_west,0.0,0.0
2026-03-04,Crude Oil Tanker,east_west,0.0,0.0
2026-03-05,Crude Oil Tanker,east_west,0.0,0.0
2026-03-06,Crude Oil Tanker,east_west,0.0,0.0
2026-03-07,Crude Oil Tanker,east_west,0.0,0.0
2026-03-08,Crude Oil Tanker,east_west,157271.0,1152796.43
2026-03-09,Crude Oil Tanker,east_west,0.0,0.0
2026-03-10,Crude Oil Tanker,east_west,0.0,0.0
2026-03-11,Crude Oil Tanker,east_west,0.0,0.0
2026-03-12,Crude Oil Tanker,east_west,0.0,0.0
2026-03-13,Crude Oil Tanker,east_west,0.0,0.0
2026-03-14,Crude Oil Tanker,east_west,0.0,0.0
2026-03-15,Crude Oil Tanker,east_west,0.0,0.0
2026-03-16,Crude Oil Tanker,east_west,0.0,0.0
2026-03-17,Crude Oil Tanker,east_west,0.0,0.0
2026-03-18,Crude Oil Tanker,east_west,0.0,0.0
2026-03-19,Crude Oil Tanker,east_west,0.0,0.0
2026-03-20,Crude Oil Tanker,east_west,0.0,0.0
2026-03-21,Crude Oil Tanker,east_west,0.0,0.0
2026-03-22,Crude Oil Tanker,east_west,0.0,0.0
2026-03-23,Crude Oil Tanker,east_west,0.0,0.0
2026-03-24,Crude Oil Tanker,east_west,0.0,0.0
2026-03-25,Crude Oil Tanker,east_west,0.0,0.0
2026-03-26,Crude Oil Tanker,east_west,0.0,0.0
2026-03-27,Crude Oil Tanker,east_west,112679.0,825937.0700000001
2026-03-28,Crude Oil Tanker,east_west,0.0,0.0
2026-03-29,Crude Oil Tanker,east_west,0.0,0.0
2026-03-30,Crude Oil Tanker,east_west,0.0,0.0
2026-03-31,Crude Oil Tanker,east_west,0.0,0.0
2026-04-01,Crude Oil Tanker,east_west,0.0,0.0
2026-04-02,Crude Oil Tanker,east_west,158817.0,1164128.61
2026-04-03,Crude Oil Tanker,east_west,0.0,0.0
2026-04-04,Crude Oil Tanker,east_west,0.0,0.0
2026-04-05,Crude Oil Tanker,east_west,0.0,0.0
2026-04-06,Crude Oil Tanker,east_west,299152.0,2192784.16
2026-04-07,Crude Oil Tanker,east_west,0.0,0.0
2026-04-08,Crude Oil Tanker,east_west,0.0,0.0
2026-04-09,Crude Oil Tanker,east_west,309497.0,2268613.0100000002
2026-04-10,Crude Oil Tanker,east_west,0.0,0.0
2026-04-11,Crude Oil Tanker,east_west,0.0,0.0
2026-04-12,Crude Oil Tanker,east_west,404707.0,2966502.31
2026-04-13,Crude Oil Tanker,east_west,0.0,0.0
2026-04-14,Crude Oil Tanker,east_west,0.0,0.0
2026-04-15,Crude Oil Tanker,east_west,880312.0,6452686.96
2026-04-16,Crude Oil Tanker,east_west,0.0,0.0
2026-04-17,Crude Oil Tanker,east_west,0.0,0.0
2026-04-18,Crude Oil Tanker,east_west,0.0,0.0
2026-04-19,Crude Oil Tanker,east_west,0.0,0.0
2026-04-20,Crude Oil Tanker,east_west,0.0,0.0
2026-04-21,Crude Oil Tanker,east_west,0.0,0.0
2026-04-22,Crude Oil Tanker,east_west,0.0,0.0
2026-04-23,Crude Oil Tanker,east_west,0.0,0.0
2026-04-24,Crude Oil Tanker,east_west,0.0,0.0
2026-04-25,Crude Oil Tanker,east_west,0.0,0.0
2026-04-26,Crude Oil Tanker,east_west,0.0,0.0
2026-04-27,Crude Oil Tanker,east_west,0.0,0.0
2026-04-28,Crude Oil Tanker,east_west,0.0,0.0
2026-04-29,Crude Oil Tanker,east_west,0.0,0.0
2026-04-30,Crude Oil Tanker,east_west,0.0,0.0
2026-05-01,Crude Oil Tanker,east_west,0.0,0.0
2026-05-02,Crude Oil Tanker,east_west,7047.0,51654.51
2026-05-03,Crude Oil Tanker,east_west,0.0,0.0
2026-05-04,Crude Oil Tanker,east_west,0.0,0.0
2026-05-05,Crude Oil Tanker,east_west,0.0,0.0
2026-05-06,Crude Oil Tanker,east_west,0.0,0.0
2026-05-07,Crude Oil Tanker,east_west,0.0,0.0
2026-05-08,Crude Oil Tanker,east_west,0.0,0.0
2026-05-09,Crude Oil Tanker,east_west,0.0,0.0
2026-05-10,Crude Oil Tanker,east_west,0.0,0.0
2026-05-11,Crude Oil Tanker,east_west,0.0,0.0
2026-05-12,Crude Oil Tanker,east_west,0.0,0.0
2026-05-13,Crude Oil Tanker,east_west,0.0,0.0
2026-05-14,Crude Oil Tanker,east_west,0.0,0.0
2026-05-15,Crude Oil Tanker,east_west,0.0,0.0
2026-05-16,Crude Oil Tanker,east_west,106360.0,779618.8
2026-05-17,Crude Oil Tanker,east_west,317713.0,2328836.29
2026-05-18,Crude Oil Tanker,east_west,0.0,0.0
2026-05-19,Crude Oil Tanker,east_west,0.0,0.0
2026-05-20,Crude Oil Tanker,east_west,5872.0,43041.76
2026-05-21,Crude Oil Tanker,east_west,0.0,0.0
2026-05-22,Crude Oil Tanker,east_west,0.0,0.0
2026-05-23,Crude Oil Tanker,east_west,0.0,0.0
2026-05-24,Crude Oil Tanker,east_west,0.0,0.0
2026-05-25,Crude Oil Tanker,east_west,0.0,0.0
2026-05-26,Crude Oil Tanker,east_west,0.0,0.0
2025-05-28,Crude Oil Tanker,west_east,2223320.0,16296935.6
2025-05-29,Crude Oil Tanker,west_east,3429222.0,25136197.26
2025-05-30,Crude Oil Tanker,west_east,1803750.0,13221487.5
2025-05-31,Crude Oil Tanker,west_east,1694924.0,12423792.92
2025-06-01,Crude Oil Tanker,west_east,2549424.0,18687277.92
2025-06-02,Crude Oil Tanker,west_east,2437620.0,17867754.6
2025-06-03,Crude Oil Tanker,west_east,3100319.0,22725338.27
2025-06-04,Crude Oil Tanker,west_east,3076196.0,22548516.68
2025-06-05,Crude Oil Tanker,west_east,2809498.0,20593620.34
2025-06-06,Crude Oil Tanker,west_east,2694123.0,19747921.59
2025-06-07,Crude Oil Tanker,west_east,3572149.0,26183852.17
2025-06-08,Crude Oil Tanker,west_east,3508428.0,25716777.240000002
2025-06-09,Crude Oil Tanker,west_east,2734840.0,20046377.2
2025-06-10,Crude Oil Tanker,west_east,3436556.0,25189955.48
2025-06-11,Crude Oil Tanker,west_east,2551243.0,18700611.19
2025-06-12,Crude Oil Tanker,west_east,2681652.0,19656509.16
2025-06-13,Crude Oil Tanker,west_east,2441302.0,17894743.66
2025-06-14,Crude Oil Tanker,west_east,2359836.0,17297597.88
2025-06-15,Crude Oil Tanker,west_east,3465890.0,25404973.7
2025-06-16,Crude Oil Tanker,west_east,2841959.0,20831559.47
2025-06-17,Crude Oil Tanker,west_east,2404929.0,17628129.57
2025-06-18,Crude Oil Tanker,west_east,2891061.0,21191477.13
2025-06-19,Crude Oil Tanker,west_east,3233479.0,23701401.07
2025-06-20,Crude Oil Tanker,west_east,2201156.0,16134473.48
2025-06-21,Crude Oil Tanker,west_east,1509468.0,11064400.44
2025-06-22,Crude Oil Tanker,west_east,2428359.0,17799871.47
2025-06-23,Crude Oil Tanker,west_east,1488058.0,10907465.14
2025-06-24,Crude Oil Tanker,west_east,2212007.0,16214011.31
2025-06-25,Crude Oil Tanker,west_east,3122079.0,22884839.07
2025-06-26,Crude Oil Tanker,west_east,3382749.0,24795550.17
2025-06-27,Crude Oil Tanker,west_east,1577513.0,11563170.290000001
2025-06-28,Crude Oil Tanker,west_east,3376794.0,24751900.02
2025-06-29,Crude Oil Tanker,west_east,2420761.0,17744178.13
2025-06-30,Crude Oil Tanker,west_east,2984698.0,21877836.34
2025-07-01,Crude Oil Tanker,west_east,1803211.0,13217536.63
2025-07-02,Crude Oil Tanker,west_east,2416151.0,17710386.830000002
2025-07-03,Crude Oil Tanker,west_east,2742133.0,20099834.89
2025-07-04,Crude Oil Tanker,west_east,3749914.0,27486869.62
2025-07-05,Crude Oil Tanker,west_east,2820273.0,20672601.09
2025-07-06,Crude Oil Tanker,west_east,1888347.0,13841583.51
2025-07-07,Crude Oil Tanker,west_east,1918397.0,14061850.01
2025-07-08,Crude Oil Tanker,west_east,1720288.0,12609711.040000001
2025-07-09,Crude Oil Tanker,west_east,4588662.0,33634892.46
2025-07-10,Crude Oil Tanker,west_east,2353590.0,17251814.7
2025-07-11,Crude Oil Tanker,west_east,4257547.0,31207819.51
2025-07-12,Crude Oil Tanker,west_east,3992179.0,29262672.07
2025-07-13,Crude Oil Tanker,west_east,1352990.0,9917416.7
2025-07-14,Crude Oil Tanker,west_east,3150952.0,23096478.16
2025-07-15,Crude Oil Tanker,west_east,2252348.0,16509710.84
2025-07-16,Crude Oil Tanker,west_east,2887453.0,21165030.49
2025-07-17,Crude Oil Tanker,west_east,3583234.0,26265105.22
2025-07-18,Crude Oil Tanker,west_east,2556535.0,18739401.55
2025-07-19,Crude Oil Tanker,west_east,1586134.0,11626362.22
2025-07-20,Crude Oil Tanker,west_east,3278506.0,24031448.98
2025-07-21,Crude Oil Tanker,west_east,3416672.0,25044205.76
2025-07-22,Crude Oil Tanker,west_east,2518201.0,18458413.330000002
2025-07-23,Crude Oil Tanker,west_east,2728044.0,19996562.52
2025-07-24,Crude Oil Tanker,west_east,1679650.0,12311834.5
2025-07-25,Crude Oil Tanker,west_east,2985460.0,21883421.8
2025-07-26,Crude Oil Tanker,west_east,3526465.0,25848988.45
2025-07-27,Crude Oil Tanker,west_east,2928228.0,21463911.24
2025-07-28,Crude Oil Tanker,west_east,1825592.0,13381589.36
2025-07-29,Crude Oil Tanker,west_east,2073057.0,15195507.81
2025-07-30,Crude Oil Tanker,west_east,3018983.0,22129145.39
2025-07-31,Crude Oil Tanker,west_east,2565364.0,18804118.12
2025-08-01,Crude Oil Tanker,west_east,2514536.0,18431548.88
2025-08-02,Crude Oil Tanker,west_east,3250007.0,23822551.31
2025-08-03,Crude Oil Tanker,west_east,2792839.0,20471509.87
2025-08-04,Crude Oil Tanker,west_east,1912746.0,14020428.18
2025-08-05,Crude Oil Tanker,west_east,3231413.0,23686257.29
2025-08-06,Crude Oil Tanker,west_east,2117432.0,15520776.56
2025-08-07,Crude Oil Tanker,west_east,4118710.0,30190144.3
2025-08-08,Crude Oil Tanker,west_east,3973199.0,29123548.67
2025-08-09,Crude Oil Tanker,west_east,2673237.0,19594827.21
2025-08-10,Crude Oil Tanker,west_east,2785956.0,20421057.48
2025-08-11,Crude Oil Tanker,west_east,2454659.0,17992650.47
2025-08-12,Crude Oil Tanker,west_east,2357064.0,17277279.12
2025-08-13,Crude Oil Tanker,west_east,2439771.0,17883521.43
2025-08-14,Crude Oil Tanker,west_east,3192707.0,23402542.31
2025-08-15,Crude Oil Tanker,west_east,4009642.0,29390675.86
2025-08-16,Crude Oil Tanker,west_east,1205290.0,8834775.7
2025-08-17,Crude Oil Tanker,west_east,3300002.0,24189014.66
2025-08-18,Crude Oil Tanker,west_east,1859699.0,13631593.67
2025-08-19,Crude Oil Tanker,west_east,4185948.0,30682998.84
2025-08-20,Crude Oil Tanker,west_east,2388240.0,17505799.2
2025-08-21,Crude Oil Tanker,west_east,2942079.0,21565439.07
2025-08-22,Crude Oil Tanker,west_east,3161967.0,23177218.11
2025-08-23,Crude Oil Tanker,west_east,2703769.0,19818626.77
2025-08-24,Crude Oil Tanker,west_east,2910090.0,21330959.7
2025-08-25,Crude Oil Tanker,west_east,2086479.0,15293891.07
2025-08-26,Crude Oil Tanker,west_east,3512004.0,25742989.32
2025-08-27,Crude Oil Tanker,west_east,2628493.0,19266853.69
2025-08-28,Crude Oil Tanker,west_east,2122645.0,15558987.85
2025-08-29,Crude Oil Tanker,west_east,2870420.0,21040178.6
2025-08-30,Crude Oil Tanker,west_east,3234577.0,23709449.41
2025-08-31,Crude Oil Tanker,west_east,3514786.0,25763381.38
2025-09-01,Crude Oil Tanker,west_east,2609241.0,19125736.53
2025-09-02,Crude Oil Tanker,west_east,2498983.0,18317545.39
2025-09-03,Crude Oil Tanker,west_east,3275639.0,24010433.87
2025-09-04,Crude Oil Tanker,west_east,2926132.0,21448547.56
2025-09-05,Crude Oil Tanker,west_east,3026146.0,22181650.18
2025-09-06,Crude Oil Tanker,west_east,2830855.0,20750167.15
2025-09-07,Crude Oil Tanker,west_east,3114699.0,22830743.67
2025-09-08,Crude Oil Tanker,west_east,2967440.0,21751335.2
2025-09-09,Crude Oil Tanker,west_east,1676014.0,12285182.620000001
2025-09-10,Crude Oil Tanker,west_east,2425419.0,17778321.27
2025-09-11,Crude Oil Tanker,west_east,3096798.0,22699529.34
2025-09-12,Crude Oil Tanker,west_east,2642858.0,19372149.14
2025-09-13,Crude Oil Tanker,west_east,2684708.0,19678909.64
2025-09-14,Crude Oil Tanker,west_east,3431811.0,25155174.63
2025-09-15,Crude Oil Tanker,west_east,2435677.0,17853512.41
2025-09-16,Crude Oil Tanker,west_east,2720503.0,19941286.99
2025-09-17,Crude Oil Tanker,west_east,1849573.0,13557370.09
2025-09-18,Crude Oil Tanker,west_east,2801055.0,20531733.15
2025-09-19,Crude Oil Tanker,west_east,2599732.0,19056035.56
2025-09-20,Crude Oil Tanker,west_east,2630896.0,19284467.68
2025-09-21,Crude Oil Tanker,west_east,3920122.0,28734494.26
2025-09-22,Crude Oil Tanker,west_east,2173753.0,15933609.49
2025-09-23,Crude Oil Tanker,west_east,3628771.0,26598891.43
2025-09-24,Crude Oil Tanker,west_east,2648266.0,19411789.78
2025-09-25,Crude Oil Tanker,west_east,2728105.0,19997009.65
2025-09-26,Crude Oil Tanker,west_east,1580205.0,11582902.65
2025-09-27,Crude Oil Tanker,west_east,2446560.0,17933284.8
2025-09-28,Crude Oil Tanker,west_east,3944224.0,28911161.92
2025-09-29,Crude Oil Tanker,west_east,2872052.0,21052141.16
2025-09-30,Crude Oil Tanker,west_east,1457447.0,10683086.51
2025-10-01,Crude Oil Tanker,west_east,2511893.0,18412175.69
2025-10-02,Crude Oil Tanker,west_east,3163409.0,23187787.97
2025-10-03,Crude Oil Tanker,west_east,3689815.0,27046343.95
2025-10-04,Crude Oil Tanker,west_east,1838425.0,13475655.25
2025-10-05,Crude Oil Tanker,west_east,3735948.0,27384498.84
2025-10-06,Crude Oil Tanker,west_east,2911952.0,21344608.16
2025-10-07,Crude Oil Tanker,west_east,3760873.0,27567199.09
2025-10-08,Crude Oil Tanker,west_east,1671675.0,12253377.75
2025-10-09,Crude Oil Tanker,west_east,2463073.0,18054325.09
2025-10-10,Crude Oil Tanker,west_east,2807601.0,20579715.330000002
2025-10-11,Crude Oil Tanker,west_east,3799436.0,27849865.88
2025-10-12,Crude Oil Tanker,west_east,1452879.0,10649603.07
2025-10-13,Crude Oil Tanker,west_east,1537483.0,11269750.39
2025-10-14,Crude Oil Tanker,west_east,5312152.0,38938074.160000004
2025-10-15,Crude Oil Tanker,west_east,2725026.0,19974440.580000002
2025-10-16,Crude Oil Tanker,west_east,2863327.0,20988186.91
2025-10-17,Crude Oil Tanker,west_east,2209601.0,16196375.33
2025-10-18,Crude Oil Tanker,west_east,2542768.0,18638489.44
2025-10-19,Crude Oil Tanker,west_east,2908873.0,21322039.09
2025-10-20,Crude Oil Tanker,west_east,2295087.0,16822987.71
2025-10-21,Crude Oil Tanker,west_east,2784082.0,20407321.06
2025-10-22,Crude Oil Tanker,west_east,3179946.0,23309004.18
2025-10-23,Crude Oil Tanker,west_east,2944128.0,21580458.24
2025-10-24,Crude Oil Tanker,west_east,2961538.0,21708073.54
2025-10-25,Crude Oil Tanker,west_east,3005678.0,22031619.74
2025-10-26,Crude Oil Tanker,west_east,1809336.0,13262432.88
2025-10-27,Crude Oil Tanker,west_east,2359871.0,17297854.43
2025-10-28,Crude Oil Tanker,west_east,2066685.0,15148801.05
2025-10-29,Crude Oil Tanker,west_east,2025430.0,14846401.9
2025-10-30,Crude Oil Tanker,west_east,2384923.0,17481485.59
2025-10-31,Crude Oil Tanker,west_east,3841530.0,28158414.9
2025-11-01,Crude Oil Tanker,west_east,2567203.0,18817597.99
2025-11-02,Crude Oil Tanker,west_east,3647979.0,26739686.07
2025-11-03,Crude Oil Tanker,west_east,2922391.0,21421126.03
2025-11-04,Crude Oil Tanker,west_east,1319717.0,9673525.61
2025-11-05,Crude Oil Tanker,west_east,3728639.0,27330923.87
2025-11-06,Crude Oil Tanker,west_east,2500610.0,18329471.3
2025-11-07,Crude Oil Tanker,west_east,1807715.0,13250550.95
2025-11-08,Crude Oil Tanker,west_east,3032199.0,22226018.67
2025-11-09,Crude Oil Tanker,west_east,3873468.0,28392520.44
2025-11-10,Crude Oil Tanker,west_east,2800638.0,20528676.54
2025-11-11,Crude Oil Tanker,west_east,2493244.0,18275478.52
2025-11-12,Crude Oil Tanker,west_east,3396629.0,24897290.57
2025-11-13,Crude Oil Tanker,west_east,2063111.0,15122603.63
2025-11-14,Crude Oil Tanker,west_east,3427345.0,25122438.85
2025-11-15,Crude Oil Tanker,west_east,3115059.0,22833382.47
2025-11-16,Crude Oil Tanker,west_east,3457579.0,25344054.07
2025-11-17,Crude Oil Tanker,west_east,1204964.0,8832386.12
2025-11-18,Crude Oil Tanker,west_east,2569099.0,18831495.67
2025-11-19,Crude Oil Tanker,west_east,3002390.0,22007518.7
2025-11-20,Crude Oil Tanker,west_east,3506509.0,25702710.97
2025-11-21,Crude Oil Tanker,west_east,2924999.0,21440242.67
2025-11-22,Crude Oil Tanker,west_east,1902546.0,13945662.18
2025-11-23,Crude Oil Tanker,west_east,3093888.0,22678199.04
2025-11-24,Crude Oil Tanker,west_east,1525413.0,11181277.290000001
2025-11-25,Crude Oil Tanker,west_east,3702554.0,27139720.82
2025-11-26,Crude Oil Tanker,west_east,2334193.0,17109634.69
2025-11-27,Crude Oil Tanker,west_east,2792294.0,20467515.02
2025-11-28,Crude Oil Tanker,west_east,1570917.0,11514821.61
2025-11-29,Crude Oil Tanker,west_east,3019224.0,22130911.92
2025-11-30,Crude Oil Tanker,west_east,2936258.0,21522771.14
2025-12-01,Crude Oil Tanker,west_east,2887558.0,21165800.14
2025-12-02,Crude Oil Tanker,west_east,2431981.0,17826420.73
2025-12-03,Crude Oil Tanker,west_east,2492177.0,18267657.41
2025-12-04,Crude Oil Tanker,west_east,3799910.0,27853340.3
2025-12-05,Crude Oil Tanker,west_east,2328465.0,17067648.45
2025-12-06,Crude Oil Tanker,west_east,1738045.0,12739869.85
2025-12-07,Crude Oil Tanker,west_east,3538066.0,25934023.78
2025-12-08,Crude Oil Tanker,west_east,2281430.0,16722881.9
2025-12-09,Crude Oil Tanker,west_east,2340076.0,17152757.080000002
2025-12-10,Crude Oil Tanker,west_east,1876507.0,13754796.31
2025-12-11,Crude Oil Tanker,west_east,3589853.0,26313622.490000002
2025-12-12,Crude Oil Tanker,west_east,2300845.0,16865193.85
2025-12-13,Crude Oil Tanker,west_east,1800765.0,13199607.45
2025-12-14,Crude Oil Tanker,west_east,3675924.0,26944522.92
2025-12-15,Crude Oil Tanker,west_east,2590519.0,18988504.27
2025-12-16,Crude Oil Tanker,west_east,3442821.0,25235877.93
2025-12-17,Crude Oil Tanker,west_east,862361.0,6321106.13
2025-12-18,Crude Oil Tanker,west_east,2252729.0,16512503.57
2025-12-19,Crude Oil Tanker,west_east,2905196.0,21295086.68
2025-12-20,Crude Oil Tanker,west_east,947747.0,6946985.51
2025-12-21,Crude Oil Tanker,west_east,1555650.0,11402914.5
2025-12-22,Crude Oil Tanker,west_east,1455087.0,10665787.71
2025-12-23,Crude Oil Tanker,west_east,4392204.0,32194855.32
2025-12-24,Crude Oil Tanker,west_east,2480670.0,18183311.1
2025-12-25,Crude Oil Tanker,west_east,2185133.0,16017024.89
2025-12-26,Crude Oil Tanker,west_east,3914777.0,28695315.41
2025-12-27,Crude Oil Tanker,west_east,3667963.0,26886168.79
2025-12-28,Crude Oil Tanker,west_east,2837631.0,20799835.23
2025-12-29,Crude Oil Tanker,west_east,1195349.0,8761908.17
2025-12-30,Crude Oil Tanker,west_east,1967669.0,14423013.77
2025-12-31,Crude Oil Tanker,west_east,1207978.0,8854478.74
2026-01-01,Crude Oil Tanker,west_east,2247045.0,16470839.85
2026-01-02,Crude Oil Tanker,west_east,2774993.0,20340698.69
2026-01-03,Crude Oil Tanker,west_east,2733900.0,20039487.0
2026-01-04,Crude Oil Tanker,west_east,2847964.0,20875576.12
2026-01-05,Crude Oil Tanker,west_east,2433677.0,17838852.41
2026-01-06,Crude Oil Tanker,west_east,1729856.0,12679844.48
2026-01-07,Crude Oil Tanker,west_east,2217196.0,16252046.68
2026-01-08,Crude Oil Tanker,west_east,2773228.0,20327761.24
2026-01-09,Crude Oil Tanker,west_east,3287108.0,24094501.64
2026-01-10,Crude Oil Tanker,west_east,3661373.0,26837864.09
2026-01-11,Crude Oil Tanker,west_east,2074937.0,15209288.21
2026-01-12,Crude Oil Tanker,west_east,2921986.0,21418157.38
2026-01-13,Crude Oil Tanker,west_east,2355361.0,17264796.13
2026-01-14,Crude Oil Tanker,west_east,2428556.0,17801315.48
2026-01-15,Crude Oil Tanker,west_east,2905167.0,21294874.11
2026-01-16,Crude Oil Tanker,west_east,2553797.0,18719332.01
2026-01-17,Crude Oil Tanker,west_east,1736472.0,12728339.76
2026-01-18,Crude Oil Tanker,west_east,2620079.0,19205179.07
2026-01-19,Crude Oil Tanker,west_east,2074506.0,15206128.98
2026-01-20,Crude Oil Tanker,west_east,2808594.0,20586994.02
2026-01-21,Crude Oil Tanker,west_east,4016585.0,29441568.05
2026-01-22,Crude Oil Tanker,west_east,1885251.0,13818889.83
2026-01-23,Crude Oil Tanker,west_east,2608575.0,19120854.75
2026-01-24,Crude Oil Tanker,west_east,1870947.0,13714041.51
2026-01-25,Crude Oil Tanker,west_east,4041171.0,29621783.43
2026-01-26,Crude Oil Tanker,west_east,2953417.0,21648546.61
2026-01-27,Crude Oil Tanker,west_east,2260473.0,16569267.09
2026-01-28,Crude Oil Tanker,west_east,1852492.0,13578766.36
2026-01-29,Crude Oil Tanker,west_east,3498761.0,25645918.13
2026-01-30,Crude Oil Tanker,west_east,3492820.0,25602370.6
2026-01-31,Crude Oil Tanker,west_east,3664385.0,26859942.05
2026-02-01,Crude Oil Tanker,west_east,2322613.0,17024753.29
2026-02-02,Crude Oil Tanker,west_east,3959167.0,29020694.11
2026-02-03,Crude Oil Tanker,west_east,2901567.0,21268486.11
2026-02-04,Crude Oil Tanker,west_east,2287272.0,16765703.76
2026-02-05,Crude Oil Tanker,west_east,2429038.0,17804848.54
2026-02-06,Crude Oil Tanker,west_east,2434269.0,17843191.77
2026-02-07,Crude Oil Tanker,west_east,2483948.0,18207338.84
2026-02-08,Crude Oil Tanker,west_east,2221890.0,16286453.7
2026-02-09,Crude Oil Tanker,west_east,2401260.0,17601235.8
2026-02-10,Crude Oil Tanker,west_east,3652154.0,26770288.82
2026-02-11,Crude Oil Tanker,west_east,2568867.0,18829795.11
2026-02-12,Crude Oil Tanker,west_east,3059502.0,22426149.66
2026-02-13,Crude Oil Tanker,west_east,2983898.0,21871972.34
2026-02-14,Crude Oil Tanker,west_east,3073084.0,22525705.72
2026-02-15,Crude Oil Tanker,west_east,2706575.0,19839194.75
2026-02-16,Crude Oil Tanker,west_east,3496720.0,25630957.6
2026-02-17,Crude Oil Tanker,west_east,2979309.0,21838334.97
2026-02-18,Crude Oil Tanker,west_east,3041734.0,22295910.22
2026-02-19,Crude Oil Tanker,west_east,2750095.0,20158196.35
2026-02-20,Crude Oil Tanker,west_east,2204209.0,16156851.97
2026-02-21,Crude Oil Tanker,west_east,2446400.0,17932112.0
2026-02-22,Crude Oil Tanker,west_east,2900915.0,21263706.95
2026-02-23,Crude Oil Tanker,west_east,2365841.0,17341614.53
2026-02-24,Crude Oil Tanker,west_east,2326625.0,17054161.25
2026-02-25,Crude Oil Tanker,west_east,3785484.0,27747597.72
2026-02-26,Crude Oil Tanker,west_east,1925387.0,14113086.71
2026-02-27,Crude Oil Tanker,west_east,3475043.0,25472065.19
2026-02-28,Crude Oil Tanker,west_east,3246821.0,23799197.93
2026-03-01,Crude Oil Tanker,west_east,428678.0,3142209.74
2026-03-02,Crude Oil Tanker,west_east,14806.0,108527.98
2026-03-03,Crude Oil Tanker,west_east,5887.0,43151.71
2026-03-04,Crude Oil Tanker,west_east,0.0,0.0
2026-03-05,Crude Oil Tanker,west_east,6143.0,45028.19
2026-03-06,Crude Oil Tanker,west_east,0.0,0.0
2026-03-07,Crude Oil Tanker,west_east,281050.0,2060096.5
2026-03-08,Crude Oil Tanker,west_east,157271.0,1152796.43
2026-03-09,Crude Oil Tanker,west_east,296068.0,2170178.44
2026-03-10,Crude Oil Tanker,west_east,0.0,0.0
2026-03-11,Crude Oil Tanker,west_east,298972.0,2191464.7600000002
2026-03-12,Crude Oil Tanker,west_east,0.0,0.0
2026-03-13,Crude Oil Tanker,west_east,0.0,0.0
2026-03-14,Crude Oil Tanker,west_east,0.0,0.0
2026-03-15,Crude Oil Tanker,west_east,408404.0,2993601.32
2026-03-16,Crude Oil Tanker,west_east,0.0,0.0
2026-03-17,Crude Oil Tanker,west_east,0.0,0.0
2026-03-18,Crude Oil Tanker,west_east,0.0,0.0
2026-03-19,Crude Oil Tanker,west_east,0.0,0.0
2026-03-20,Crude Oil Tanker,west_east,72807.0,533675.31
2026-03-21,Crude Oil Tanker,west_east,0.0,0.0
2026-03-22,Crude Oil Tanker,west_east,0.0,0.0
2026-03-23,Crude Oil Tanker,west_east,0.0,0.0
2026-03-24,Crude Oil Tanker,west_east,0.0,0.0
2026-03-25,Crude Oil Tanker,west_east,0.0,0.0
2026-03-26,Crude Oil Tanker,west_east,0.0,0.0
2026-03-27,Crude Oil Tanker,west_east,0.0,0.0
2026-03-28,Crude Oil Tanker,west_east,0.0,0.0
2026-03-29,Crude Oil Tanker,west_east,106500.0,780645.0
2026-03-30,Crude Oil Tanker,west_east,0.0,0.0
2026-03-31,Crude Oil Tanker,west_east,0.0,0.0
2026-04-01,Crude Oil Tanker,west_east,0.0,0.0
2026-04-02,Crude Oil Tanker,west_east,0.0,0.0
2026-04-03,Crude Oil Tanker,west_east,0.0,0.0
2026-04-04,Crude Oil Tanker,west_east,0.0,0.0
2026-04-05,Crude Oil Tanker,west_east,263895.0,1934350.35
2026-04-06,Crude Oil Tanker,west_east,0.0,0.0
2026-04-07,Crude Oil Tanker,west_east,0.0,0.0
2026-04-08,Crude Oil Tanker,west_east,0.0,0.0
2026-04-09,Crude Oil Tanker,west_east,165864.0,1215783.12
2026-04-10,Crude Oil Tanker,west_east,0.0,0.0
2026-04-11,Crude Oil Tanker,west_east,928396.0,6805142.68
2026-04-12,Crude Oil Tanker,west_east,0.0,0.0
2026-04-13,Crude Oil Tanker,west_east,0.0,0.0
2026-04-14,Crude Oil Tanker,west_east,0.0,0.0
2026-04-15,Crude Oil Tanker,west_east,0.0,0.0
2026-04-16,Crude Oil Tanker,west_east,105315.0,771958.95
2026-04-17,Crude Oil Tanker,west_east,0.0,0.0
2026-04-18,Crude Oil Tanker,west_east,416651.0,3054051.83
2026-04-19,Crude Oil Tanker,west_east,0.0,0.0
2026-04-20,Crude Oil Tanker,west_east,0.0,0.0
2026-04-21,Crude Oil Tanker,west_east,0.0,0.0
2026-04-22,Crude Oil Tanker,west_east,73004.0,535119.32
2026-04-23,Crude Oil Tanker,west_east,4500.0,32985.0
2026-04-24,Crude Oil Tanker,west_east,0.0,0.0
2026-04-25,Crude Oil Tanker,west_east,0.0,0.0
2026-04-26,Crude Oil Tanker,west_east,0.0,0.0
2026-04-27,Crude Oil Tanker,west_east,0.0,0.0
2026-04-28,Crude Oil Tanker,west_east,300433.0,2202173.89
2026-04-29,Crude Oil Tanker,west_east,11047.0,80974.51
2026-04-30,Crude Oil Tanker,west_east,6603.0,48399.99
2026-05-01,Crude Oil Tanker,west_east,0.0,0.0
2026-05-02,Crude Oil Tanker,west_east,0.0,0.0
2026-05-03,Crude Oil Tanker,west_east,0.0,0.0
2026-05-04,Crude Oil Tanker,west_east,0.0,0.0
2026-05-05,Crude Oil Tanker,west_east,0.0,0.0
2026-05-06,Crude Oil Tanker,west_east,0.0,0.0
2026-05-07,Crude Oil Tanker,west_east,0.0,0.0
2026-05-08,Crude Oil Tanker,west_east,0.0,0.0
2026-05-09,Crude Oil Tanker,west_east,0.0,0.0
2026-05-10,Crude Oil Tanker,west_east,0.0,0.0
2026-05-11,Crude Oil Tanker,west_east,0.0,0.0
2026-05-12,Crude Oil Tanker,west_east,0.0,0.0
2026-05-13,Crude Oil Tanker,west_east,620800.0,4550464.0
2026-05-14,Crude Oil Tanker,west_east,0.0,0.0
2026-05-15,Crude Oil Tanker,west_east,0.0,0.0
2026-05-16,Crude Oil Tanker,west_east,5872.0,43041.76
2026-05-17,Crude Oil Tanker,west_east,0.0,0.0
2026-05-18,Crude Oil Tanker,west_east,2005.0,14696.65
2026-05-19,Crude Oil Tanker,west_east,0.0,0.0
2026-05-20,Crude Oil Tanker,west_east,0.0,0.0
2026-05-21,Crude Oil Tanker,west_east,70955.0,520100.15
2026-05-22,Crude Oil Tanker,west_east,0.0,0.0
2026-05-23,Crude Oil Tanker,west_east,320122.0,2346494.2600000002
2026-05-24,Crude Oil Tanker,west_east,0.0,0.0
2026-05-25,Crude Oil Tanker,west_east,0.0,0.0
2026-05-26,Crude Oil Tanker,west_east,299525.0,2195518.25
2025-05-28,LNG Tanker,both,644108.0,5153508.108
2025-05-29,LNG Tanker,both,319691.0,2557847.6909999996
2025-05-30,LNG Tanker,both,808937.0,6472304.937
2025-05-31,LNG Tanker,both,482324.0,3859074.3239999996
2025-06-01,LNG Tanker,both,769854.0,6159601.853999999
2025-06-02,LNG Tanker,both,757392.0,6059893.392
2025-06-03,LNG Tanker,both,739252.0,5914755.251999999
2025-06-04,LNG Tanker,both,433878.0,3471457.8779999996
2025-06-05,LNG Tanker,both,877861.0,7023765.861
2025-06-06,LNG Tanker,both,82104.0,656914.1039999999
2025-06-07,LNG Tanker,both,652192.0,5218188.192
2025-06-08,LNG Tanker,both,906085.0,7249586.085
2025-06-09,LNG Tanker,both,671667.0,5374007.666999999
2025-06-10,LNG Tanker,both,714383.0,5715778.382999999
2025-06-11,LNG Tanker,both,652109.0,5217524.108999999
2025-06-12,LNG Tanker,both,772571.0,6181340.5709999995
2025-06-13,LNG Tanker,both,992514.0,7941104.5139999995
2025-06-14,LNG Tanker,both,457251.0,3658465.2509999997
2025-06-15,LNG Tanker,both,373844.0,2991125.8439999996
2025-06-16,LNG Tanker,both,822901.0,6584030.901
2025-06-17,LNG Tanker,both,254298.0,2034638.298
2025-06-18,LNG Tanker,both,725017.0,5800861.017
2025-06-19,LNG Tanker,both,372294.0,2978724.2939999998
2025-06-20,LNG Tanker,both,364776.0,2918572.7759999996
2025-06-21,LNG Tanker,both,261322.0,2090837.322
2025-06-22,LNG Tanker,both,910566.0,7285438.566
2025-06-23,LNG Tanker,both,251314.0,2010763.3139999998
2025-06-24,LNG Tanker,both,793820.0,6351353.819999999
2025-06-25,LNG Tanker,both,836614.0,6693748.613999999
2025-06-26,LNG Tanker,both,704076.0,5633312.075999999
2025-06-27,LNG Tanker,both,762726.0,6102570.726
2025-06-28,LNG Tanker,both,520470.0,4164280.4699999997
2025-06-29,LNG Tanker,both,581437.0,4652077.437
2025-06-30,LNG Tanker,both,577953.0,4624201.953
2025-07-01,LNG Tanker,both,786138.0,6289890.137999999
2025-07-02,LNG Tanker,both,476075.0,3809076.0749999997
2025-07-03,LNG Tanker,both,248314.0,1986760.3139999998
2025-07-04,LNG Tanker,both,707947.0,5664283.947
2025-07-05,LNG Tanker,both,812719.0,6502564.719
2025-07-06,LNG Tanker,both,476440.0,3811996.44
2025-07-07,LNG Tanker,both,332699.0,2661924.699
2025-07-08,LNG Tanker,both,538506.0,4308586.506
2025-07-09,LNG Tanker,both,650717.0,5206386.716999999
2025-07-10,LNG Tanker,both,451166.0,3609779.1659999997
2025-07-11,LNG Tanker,both,585399.0,4683777.398999999
2025-07-12,LNG Tanker,both,362771.0,2902530.7709999997
2025-07-13,LNG Tanker,both,644137.0,5153740.137
2025-07-14,LNG Tanker,both,673165.0,5385993.165
2025-07-15,LNG Tanker,both,469586.0,3757157.5859999997
2025-07-16,LNG Tanker,both,1042239.0,8338954.238999999
2025-07-17,LNG Tanker,both,793814.0,6351305.813999999
2025-07-18,LNG Tanker,both,651843.0,5215395.842999999
2025-07-19,LNG Tanker,both,763317.0,6107299.317
2025-07-20,LNG Tanker,both,420765.0,3366540.7649999997
2025-07-21,LNG Tanker,both,478923.0,3831862.923
2025-07-22,LNG Tanker,both,363259.0,2906435.2589999996
2025-07-23,LNG Tanker,both,525781.0,4206773.7809999995
2025-07-24,LNG Tanker,both,503782.0,4030759.7819999997
2025-07-25,LNG Tanker,both,652545.0,5221012.545
2025-07-26,LNG Tanker,both,748713.0,5990452.7129999995
2025-07-27,LNG Tanker,both,846259.0,6770918.259
2025-07-28,LNG Tanker,both,589966.0,4720317.966
2025-07-29,LNG Tanker,both,523818.0,4191067.8179999995
2025-07-30,LNG Tanker,both,528409.0,4227800.409
2025-07-31,LNG Tanker,both,734083.0,5873398.083
2025-08-01,LNG Tanker,both,575409.0,4603847.409
2025-08-02,LNG Tanker,both,965686.0,7726453.686
2025-08-03,LNG Tanker,both,755160.0,6042035.159999999
2025-08-04,LNG Tanker,both,510390.0,4083630.3899999997
2025-08-05,LNG Tanker,both,590519.0,4724742.518999999
2025-08-06,LNG Tanker,both,656147.0,5249832.147
2025-08-07,LNG Tanker,both,546222.0,4370322.222
2025-08-08,LNG Tanker,both,430981.0,3448278.9809999997
2025-08-09,LNG Tanker,both,555453.0,4444179.453
2025-08-10,LNG Tanker,both,706873.0,5655690.873
2025-08-11,LNG Tanker,both,878120.0,7025838.119999999
2025-08-12,LNG Tanker,both,242870.0,1943202.8699999999
2025-08-13,LNG Tanker,both,361904.0,2895593.9039999996
2025-08-14,LNG Tanker,both,730212.0,5842426.211999999
2025-08-15,LNG Tanker,both,406288.0,3250710.2879999997
2025-08-16,LNG Tanker,both,630087.0,5041326.086999999
2025-08-17,LNG Tanker,both,820938.0,6568324.937999999
2025-08-18,LNG Tanker,both,493577.0,3949109.5769999996
2025-08-19,LNG Tanker,both,552390.0,4419672.39
2025-08-20,LNG Tanker,both,826600.0,6613626.6
2025-08-21,LNG Tanker,both,623980.0,4992463.9799999995
2025-08-22,LNG Tanker,both,422421.0,3379790.4209999996
2025-08-23,LNG Tanker,both,750115.0,6001670.114999999
2025-08-24,LNG Tanker,both,987653.0,7902211.652999999
2025-08-25,LNG Tanker,both,762447.0,6100338.447
2025-08-26,LNG Tanker,both,474389.0,3795586.389
2025-08-27,LNG Tanker,both,544856.0,4359392.856
2025-08-28,LNG Tanker,both,344640.0,2757464.6399999997
2025-08-29,LNG Tanker,both,677417.0,5420013.416999999
2025-08-30,LNG Tanker,both,554333.0,4435218.333
2025-08-31,LNG Tanker,both,664885.0,5319744.885
2025-09-01,LNG Tanker,both,159695.0,1277719.6949999998
2025-09-02,LNG Tanker,both,980356.0,7843828.356
2025-09-03,LNG Tanker,both,325486.0,2604213.486
2025-09-04,LNG Tanker,both,438610.0,3509318.61
2025-09-05,LNG Tanker,both,608970.0,4872368.97
2025-09-06,LNG Tanker,both,952627.0,7621968.626999999
2025-09-07,LNG Tanker,both,392031.0,3136640.031
2025-09-08,LNG Tanker,both,658642.0,5269794.642
2025-09-09,LNG Tanker,both,634751.0,5078642.750999999
2025-09-10,LNG Tanker,both,772286.0,6179060.285999999
2025-09-11,LNG Tanker,both,522496.0,4180490.496
2025-09-12,LNG Tanker,both,274875.0,2199274.875
2025-09-13,LNG Tanker,both,631058.0,5049095.057999999
2025-09-14,LNG Tanker,both,566313.0,4531070.313
2025-09-15,LNG Tanker,both,373574.0,2988965.574
2025-09-16,LNG Tanker,both,947003.0,7576971.003
2025-09-17,LNG Tanker,both,299897.0,2399475.897
2025-09-18,LNG Tanker,both,409009.0,3272481.0089999996
2025-09-19,LNG Tanker,both,664412.0,5315960.412
2025-09-20,LNG Tanker,both,661558.0,5293125.557999999
2025-09-21,LNG Tanker,both,782338.0,6259486.3379999995
2025-09-22,LNG Tanker,both,296953.0,2375920.9529999997
2025-09-23,LNG Tanker,both,528083.0,4225192.083
2025-09-24,LNG Tanker,both,621284.0,4970893.284
2025-09-25,LNG Tanker,both,121939.0,975633.9389999999
2025-09-26,LNG Tanker,both,458835.0,3671138.835
2025-09-27,LNG Tanker,both,197336.0,1578885.336
2025-09-28,LNG Tanker,both,1293144.0,10346445.144
2025-09-29,LNG Tanker,both,189529.0,1516421.5289999999
2025-09-30,LNG Tanker,both,584924.0,4679976.924
2025-10-01,LNG Tanker,both,535740.0,4286455.739999999
2025-10-02,LNG Tanker,both,457302.0,3658873.3019999997
2025-10-03,LNG Tanker,both,466512.0,3732562.5119999996
2025-10-04,LNG Tanker,both,466959.0,3736138.959
2025-10-05,LNG Tanker,both,601867.0,4815537.867
2025-10-06,LNG Tanker,both,239750.0,1918239.7499999998
2025-10-07,LNG Tanker,both,958875.0,7671958.874999999
2025-10-08,LNG Tanker,both,378359.0,3027250.3589999997
2025-10-09,LNG Tanker,both,628969.0,5032380.969
2025-10-10,LNG Tanker,both,572776.0,4582780.776
2025-10-11,LNG Tanker,both,915783.0,7327179.783
2025-10-12,LNG Tanker,both,507993.0,4064451.993
2025-10-13,LNG Tanker,both,586451.0,4692194.450999999
2025-10-14,LNG Tanker,both,565212.0,4522261.211999999
2025-10-15,LNG Tanker,both,360656.0,2885608.656
2025-10-16,LNG Tanker,both,681061.0,5449169.061
2025-10-17,LNG Tanker,both,398749.0,3190390.749
2025-10-18,LNG Tanker,both,332811.0,2662820.8109999998
2025-10-19,LNG Tanker,both,365853.0,2927189.8529999997
2025-10-20,LNG Tanker,both,740668.0,5926084.668
2025-10-21,LNG Tanker,both,522399.0,4179714.3989999997
2025-10-22,LNG Tanker,both,375177.0,3001791.1769999997
2025-10-23,LNG Tanker,both,606767.0,4854742.767
2025-10-24,LNG Tanker,both,362815.0,2902882.815
2025-10-25,LNG Tanker,both,1051407.0,8412307.407
2025-10-26,LNG Tanker,both,600664.0,4805912.664
2025-10-27,LNG Tanker,both,467286.0,3738755.286
2025-10-28,LNG Tanker,both,549587.0,4397245.586999999
2025-10-29,LNG Tanker,both,966165.0,7730286.164999999
2025-10-30,LNG Tanker,both,919288.0,7355223.288
2025-10-31,LNG Tanker,both,277844.0,2223029.844
2025-11-01,LNG Tanker,both,514499.0,4116506.499
2025-11-02,LNG Tanker,both,299489.0,2396211.489
2025-11-03,LNG Tanker,both,606104.0,4849438.103999999
2025-11-04,LNG Tanker,both,223281.0,1786471.281
2025-11-05,LNG Tanker,both,662549.0,5301054.549
2025-11-06,LNG Tanker,both,353104.0,2825185.104
2025-11-07,LNG Tanker,both,371080.0,2969011.0799999996
2025-11-08,LNG Tanker,both,704259.0,5634776.259
2025-11-09,LNG Tanker,both,668286.0,5346956.285999999
2025-11-10,LNG Tanker,both,444266.0,3554572.266
2025-11-11,LNG Tanker,both,749531.0,5996997.5309999995
2025-11-12,LNG Tanker,both,658992.0,5272594.992
2025-11-13,LNG Tanker,both,662112.0,5297558.112
2025-11-14,LNG Tanker,both,445053.0,3560869.053
2025-11-15,LNG Tanker,both,365102.0,2921181.102
2025-11-16,LNG Tanker,both,707304.0,5659139.304
2025-11-17,LNG Tanker,both,774523.0,6196958.522999999
2025-11-18,LNG Tanker,both,593080.0,4745233.08
2025-11-19,LNG Tanker,both,405829.0,3247037.829
2025-11-20,LNG Tanker,both,495019.0,3960647.019
2025-11-21,LNG Tanker,both,298521.0,2388466.5209999997
2025-11-22,LNG Tanker,both,457875.0,3663457.8749999995
2025-11-23,LNG Tanker,both,711094.0,5689463.094
2025-11-24,LNG Tanker,both,568363.0,4547472.363
2025-11-25,LNG Tanker,both,403870.0,3231363.8699999996
2025-11-26,LNG Tanker,both,860395.0,6884020.395
2025-11-27,LNG Tanker,both,671601.0,5373479.601
2025-11-28,LNG Tanker,both,426754.0,3414458.7539999997
2025-11-29,LNG Tanker,both,497374.0,3979489.374
2025-11-30,LNG Tanker,both,202598.0,1620986.598
2025-12-01,LNG Tanker,both,877597.0,7021653.596999999
2025-12-02,LNG Tanker,both,869127.0,6953885.126999999
2025-12-03,LNG Tanker,both,343733.0,2750207.733
2025-12-04,LNG Tanker,both,375790.0,3006695.7899999996
2025-12-05,LNG Tanker,both,336152.0,2689552.152
2025-12-06,LNG Tanker,both,267141.0,2137395.141
2025-12-07,LNG Tanker,both,715261.0,5722803.261
2025-12-08,LNG Tanker,both,389393.0,3115533.3929999997
2025-12-09,LNG Tanker,both,560108.0,4481424.108
2025-12-10,LNG Tanker,both,903888.0,7232007.887999999
2025-12-11,LNG Tanker,both,462764.0,3702574.764
2025-12-12,LNG Tanker,both,751330.0,6011391.329999999
2025-12-13,LNG Tanker,both,177272.0,1418353.2719999999
2025-12-14,LNG Tanker,both,1189675.0,9518589.674999999
2025-12-15,LNG Tanker,both,644459.0,5156316.459
2025-12-16,LNG Tanker,both,291953.0,2335915.9529999997
2025-12-17,LNG Tanker,both,934705.0,7478574.704999999
2025-12-18,LNG Tanker,both,472281.0,3778720.281
2025-12-19,LNG Tanker,both,500385.0,4003580.385
2025-12-20,LNG Tanker,both,460286.0,3682748.286
2025-12-21,LNG Tanker,both,732251.0,5858740.250999999
2025-12-22,LNG Tanker,both,497255.0,3978537.255
2025-12-23,LNG Tanker,both,627373.0,5019611.373
2025-12-24,LNG Tanker,both,752848.0,6023536.847999999
2025-12-25,LNG Tanker,both,475075.0,3801075.0749999997
2025-12-26,LNG Tanker,both,638278.0,5106862.278
2025-12-27,LNG Tanker,both,636908.0,5095900.908
2025-12-28,LNG Tanker,both,465755.0,3726505.755
2025-12-29,LNG Tanker,both,392815.0,3142912.815
2025-12-30,LNG Tanker,both,620452.0,4964236.452
2025-12-31,LNG Tanker,both,447950.0,3584047.9499999997
2026-01-01,LNG Tanker,both,214995.0,1720174.9949999999
2026-01-02,LNG Tanker,both,538998.0,4312522.998
2026-01-03,LNG Tanker,both,827832.0,6623483.8319999995
2026-01-04,LNG Tanker,both,587277.0,4698803.277
2026-01-05,LNG Tanker,both,504173.0,4033888.173
2026-01-06,LNG Tanker,both,688957.0,5512344.9569999995
2026-01-07,LNG Tanker,both,602842.0,4823338.841999999
2026-01-08,LNG Tanker,both,473537.0,3788769.5369999995
2026-01-09,LNG Tanker,both,1125507.0,9005181.507
2026-01-10,LNG Tanker,both,485242.0,3882421.2419999996
2026-01-11,LNG Tanker,both,558567.0,4469094.567
2026-01-12,LNG Tanker,both,591192.0,4730127.192
2026-01-13,LNG Tanker,both,879184.0,7034351.183999999
2026-01-14,LNG Tanker,both,534639.0,4277646.6389999995
2026-01-15,LNG Tanker,both,815434.0,6524287.433999999
2026-01-16,LNG Tanker,both,541449.0,4332133.449
2026-01-17,LNG Tanker,both,652069.0,5217204.068999999
2026-01-18,LNG Tanker,both,404020.0,3232564.0199999996
2026-01-19,LNG Tanker,both,434169.0,3473786.1689999998
2026-01-20,LNG Tanker,both,604210.0,4834284.21
2026-01-21,LNG Tanker,both,626682.0,5014082.682
2026-01-22,LNG Tanker,both,459558.0,3676923.5579999997
2026-01-23,LNG Tanker,both,436464.0,3492148.4639999997
2026-01-24,LNG Tanker,both,307584.0,2460979.584
2026-01-25,LNG Tanker,both,464223.0,3714248.2229999998
2026-01-26,LNG Tanker,both,538209.0,4306210.209
2026-01-27,LNG Tanker,both,608330.0,4867248.33
2026-01-28,LNG Tanker,both,522542.0,4180858.542
2026-01-29,LNG Tanker,both,567911.0,4543855.910999999
2026-01-30,LNG Tanker,both,590098.0,4721374.097999999
2026-01-31,LNG Tanker,both,686866.0,5495614.865999999
2026-02-01,LNG Tanker,both,498764.0,3990610.7639999995
2026-02-02,LNG Tanker,both,388277.0,3106604.277
2026-02-03,LNG Tanker,both,843778.0,6751067.778
2026-02-04,LNG Tanker,both,556225.0,4450356.225
2026-02-05,LNG Tanker,both,622707.0,4982278.7069999995
2026-02-06,LNG Tanker,both,571398.0,4571755.398
2026-02-07,LNG Tanker,both,411824.0,3295003.8239999996
2026-02-08,LNG Tanker,both,575951.0,4608183.950999999
2026-02-09,LNG Tanker,both,569631.0,4557617.631
2026-02-10,LNG Tanker,both,748979.0,5992580.978999999
2026-02-11,LNG Tanker,both,717470.0,5740477.47
2026-02-12,LNG Tanker,both,705650.0,5645905.649999999
2026-02-13,LNG Tanker,both,662751.0,5302670.750999999
2026-02-14,LNG Tanker,both,601632.0,4813657.631999999
2026-02-15,LNG Tanker,both,287536.0,2300575.536
2026-02-16,LNG Tanker,both,623823.0,4991207.823
2026-02-17,LNG Tanker,both,483153.0,3865707.153
2026-02-18,LNG Tanker,both,849810.0,6799329.81
2026-02-19,LNG Tanker,both,636552.0,5093052.551999999
2026-02-20,LNG Tanker,both,634911.0,5079922.910999999
2026-02-21,LNG Tanker,both,548772.0,4390724.772
2026-02-22,LNG Tanker,both,552867.0,4423488.867
2026-02-23,LNG Tanker,both,737313.0,5899241.312999999
2026-02-24,LNG Tanker,both,535172.0,4281911.171999999
2026-02-25,LNG Tanker,both,610936.0,4888098.936
2026-02-26,LNG Tanker,both,804609.0,6437676.608999999
2026-02-27,LNG Tanker,both,484408.0,3875748.408
2026-02-28,LNG Tanker,both,257527.0,2060473.5269999998
2026-03-01,LNG Tanker,both,0.0,0.0
2026-03-02,LNG Tanker,both,0.0,0.0
2026-03-03,LNG Tanker,both,0.0,0.0
2026-03-04,LNG Tanker,both,0.0,0.0
2026-03-05,LNG Tanker,both,0.0,0.0
2026-03-06,LNG Tanker,both,0.0,0.0
2026-03-07,LNG Tanker,both,0.0,0.0
2026-03-08,LNG Tanker,both,0.0,0.0
2026-03-09,LNG Tanker,both,0.0,0.0
2026-03-10,LNG Tanker,both,0.0,0.0
2026-03-11,LNG Tanker,both,0.0,0.0
2026-03-12,LNG Tanker,both,0.0,0.0
2026-03-13,LNG Tanker,both,0.0,0.0
2026-03-14,LNG Tanker,both,0.0,0.0
2026-03-15,LNG Tanker,both,0.0,0.0
2026-03-16,LNG Tanker,both,0.0,0.0
2026-03-17,LNG Tanker,both,0.0,0.0
2026-03-18,LNG Tanker,both,0.0,0.0
2026-03-19,LNG Tanker,both,0.0,0.0
2026-03-20,LNG Tanker,both,0.0,0.0
2026-03-21,LNG Tanker,both,0.0,0.0
2026-03-22,LNG Tanker,both,0.0,0.0
2026-03-23,LNG Tanker,both,0.0,0.0
2026-03-24,LNG Tanker,both,0.0,0.0
2026-03-25,LNG Tanker,both,0.0,0.0
2026-03-26,LNG Tanker,both,0.0,0.0
2026-03-27,LNG Tanker,both,0.0,0.0
2026-03-28,LNG Tanker,both,0.0,0.0
2026-03-29,LNG Tanker,both,0.0,0.0
2026-03-30,LNG Tanker,both,0.0,0.0
2026-03-31,LNG Tanker,both,0.0,0.0
2026-04-01,LNG Tanker,both,0.0,0.0
2026-04-02,LNG Tanker,both,71997.0,576047.997
2026-04-03,LNG Tanker,both,0.0,0.0
2026-04-04,LNG Tanker,both,0.0,0.0
2026-04-05,LNG Tanker,both,0.0,0.0
2026-04-06,LNG Tanker,both,0.0,0.0
2026-04-07,LNG Tanker,both,0.0,0.0
2026-04-08,LNG Tanker,both,0.0,0.0
2026-04-09,LNG Tanker,both,0.0,0.0
2026-04-10,LNG Tanker,both,0.0,0.0
2026-04-11,LNG Tanker,both,0.0,0.0
2026-04-12,LNG Tanker,both,0.0,0.0
2026-04-13,LNG Tanker,both,0.0,0.0
2026-04-14,LNG Tanker,both,0.0,0.0
2026-04-15,LNG Tanker,both,0.0,0.0
2026-04-16,LNG Tanker,both,0.0,0.0
2026-04-17,LNG Tanker,both,0.0,0.0
2026-04-18,LNG Tanker,both,0.0,0.0
2026-04-19,LNG Tanker,both,0.0,0.0
2026-04-20,LNG Tanker,both,0.0,0.0
2026-04-21,LNG Tanker,both,0.0,0.0
2026-04-22,LNG Tanker,both,0.0,0.0
2026-04-23,LNG Tanker,both,0.0,0.0
2026-04-24,LNG Tanker,both,0.0,0.0
2026-04-25,LNG Tanker,both,0.0,0.0
2026-04-26,LNG Tanker,both,72950.0,583672.95
2026-04-27,LNG Tanker,both,0.0,0.0
2026-04-28,LNG Tanker,both,0.0,0.0
2026-04-29,LNG Tanker,both,0.0,0.0
2026-04-30,LNG Tanker,both,0.0,0.0
2026-05-01,LNG Tanker,both,0.0,0.0
2026-05-02,LNG Tanker,both,0.0,0.0
2026-05-03,LNG Tanker,both,0.0,0.0
2026-05-04,LNG Tanker,both,0.0,0.0
2026-05-05,LNG Tanker,both,0.0,0.0
2026-05-06,LNG Tanker,both,0.0,0.0
2026-05-07,LNG Tanker,both,0.0,0.0
2026-05-08,LNG Tanker,both,0.0,0.0
2026-05-09,LNG Tanker,both,0.0,0.0
2026-05-10,LNG Tanker,both,107153.0,857331.1529999999
2026-05-11,LNG Tanker,both,0.0,0.0
2026-05-12,LNG Tanker,both,93035.0,744373.0349999999
2026-05-13,LNG Tanker,both,0.0,0.0
2026-05-14,LNG Tanker,both,0.0,0.0
2026-05-15,LNG Tanker,both,0.0,0.0
2026-05-16,LNG Tanker,both,0.0,0.0
2026-05-17,LNG Tanker,both,0.0,0.0
2026-05-18,LNG Tanker,both,0.0,0.0
2026-05-19,LNG Tanker,both,0.0,0.0
2026-05-20,LNG Tanker,both,0.0,0.0
2026-05-21,LNG Tanker,both,0.0,0.0
2026-05-22,LNG Tanker,both,0.0,0.0
2026-05-23,LNG Tanker,both,0.0,0.0
2026-05-24,LNG Tanker,both,0.0,0.0
2026-05-25,LNG Tanker,both,0.0,0.0
2026-05-26,LNG Tanker,both,0.0,0.0
2025-05-28,LNG Tanker,east_west,121957.0,975777.9569999999
2025-05-29,LNG Tanker,east_west,161828.0,1294785.828
2025-05-30,LNG Tanker,east_west,590378.0,4723614.378
2025-05-31,LNG Tanker,east_west,190861.0,1527078.8609999998
2025-06-01,LNG Tanker,east_west,453216.0,3626181.2159999995
2025-06-02,LNG Tanker,east_west,278019.0,2224430.019
2025-06-03,LNG Tanker,east_west,574073.0,4593158.073
2025-06-04,LNG Tanker,east_west,227907.0,1823483.907
2025-06-05,LNG Tanker,east_west,442622.0,3541418.622
2025-06-06,LNG Tanker,east_west,0.0,0.0
2025-06-07,LNG Tanker,east_west,253313.0,2026757.3129999998
2025-06-08,LNG Tanker,east_west,363295.0,2906723.295
2025-06-09,LNG Tanker,east_west,255245.0,2042215.2449999999
2025-06-10,LNG Tanker,east_west,410090.0,3281130.09
2025-06-11,LNG Tanker,east_west,411508.0,3292475.508
2025-06-12,LNG Tanker,east_west,598398.0,4787782.398
2025-06-13,LNG Tanker,east_west,551522.0,4412727.522
2025-06-14,LNG Tanker,east_west,335172.0,2681711.172
2025-06-15,LNG Tanker,east_west,202429.0,1619634.429
2025-06-16,LNG Tanker,east_west,298357.0,2387154.357
2025-06-17,LNG Tanker,east_west,0.0,0.0
2025-06-18,LNG Tanker,east_west,336606.0,2693184.6059999997
2025-06-19,LNG Tanker,east_west,81097.0,648857.097
2025-06-20,LNG Tanker,east_west,234619.0,1877186.619
2025-06-21,LNG Tanker,east_west,168297.0,1346544.297
2025-06-22,LNG Tanker,east_west,356850.0,2855156.8499999996
2025-06-23,LNG Tanker,east_west,171854.0,1375003.8539999998
2025-06-24,LNG Tanker,east_west,452025.0,3616652.025
2025-06-25,LNG Tanker,east_west,414212.0,3314110.212
2025-06-26,LNG Tanker,east_west,388445.0,3107948.445
2025-06-27,LNG Tanker,east_west,258643.0,2069402.643
2025-06-28,LNG Tanker,east_west,438355.0,3507278.355
2025-06-29,LNG Tanker,east_west,280977.0,2248096.977
2025-06-30,LNG Tanker,east_west,388733.0,3110252.733
2025-07-01,LNG Tanker,east_west,320781.0,2566568.781
2025-07-02,LNG Tanker,east_west,252652.0,2021468.6519999998
2025-07-03,LNG Tanker,east_west,86655.0,693326.6549999999
2025-07-04,LNG Tanker,east_west,321505.0,2572361.505
2025-07-05,LNG Tanker,east_west,405690.0,3245925.69
2025-07-06,LNG Tanker,east_west,244296.0,1954612.2959999999
2025-07-07,LNG Tanker,east_west,162614.0,1301074.6139999998
2025-07-08,LNG Tanker,east_west,228890.0,1831348.89
2025-07-09,LNG Tanker,east_west,275660.0,2205555.6599999997
2025-07-10,LNG Tanker,east_west,91496.0,732059.4959999999
2025-07-11,LNG Tanker,east_west,400436.0,3203888.4359999998
2025-07-12,LNG Tanker,east_west,159831.0,1278807.831
2025-07-13,LNG Tanker,east_west,326615.0,2613246.6149999998
2025-07-14,LNG Tanker,east_west,415878.0,3327439.8779999996
2025-07-15,LNG Tanker,east_west,149437.0,1195645.437
2025-07-16,LNG Tanker,east_west,696859.0,5575568.858999999
2025-07-17,LNG Tanker,east_west,374013.0,2992478.013
2025-07-18,LNG Tanker,east_west,265248.0,2122249.2479999997
2025-07-19,LNG Tanker,east_west,449984.0,3600321.9839999997
2025-07-20,LNG Tanker,east_west,145258.0,1162209.258
2025-07-21,LNG Tanker,east_west,165791.0,1326493.791
2025-07-22,LNG Tanker,east_west,175443.0,1403719.443
2025-07-23,LNG Tanker,east_west,279851.0,2239087.851
2025-07-24,LNG Tanker,east_west,202547.0,1620578.5469999998
2025-07-25,LNG Tanker,east_west,263346.0,2107031.346
2025-07-26,LNG Tanker,east_west,301749.0,2414293.749
2025-07-27,LNG Tanker,east_west,436339.0,3491148.3389999997
2025-07-28,LNG Tanker,east_west,499349.0,3995291.349
2025-07-29,LNG Tanker,east_west,271759.0,2174343.759
2025-07-30,LNG Tanker,east_west,195977.0,1568011.977
2025-07-31,LNG Tanker,east_west,468116.0,3745396.116
2025-08-01,LNG Tanker,east_west,294777.0,2358510.777
2025-08-02,LNG Tanker,east_west,440975.0,3528240.9749999996
2025-08-03,LNG Tanker,east_west,345603.0,2765169.6029999997
2025-08-04,LNG Tanker,east_west,333368.0,2667277.368
2025-08-05,LNG Tanker,east_west,331104.0,2649163.104
2025-08-06,LNG Tanker,east_west,389954.0,3120021.954
2025-08-07,LNG Tanker,east_west,121823.0,974705.823
2025-08-08,LNG Tanker,east_west,0.0,0.0
2025-08-09,LNG Tanker,east_west,267786.0,2142555.786
2025-08-10,LNG Tanker,east_west,416629.0,3333448.6289999997
2025-08-11,LNG Tanker,east_west,512097.0,4097288.0969999996
2025-08-12,LNG Tanker,east_west,89343.0,714833.343
2025-08-13,LNG Tanker,east_west,268908.0,2151532.908
2025-08-14,LNG Tanker,east_west,446557.0,3572902.5569999996
2025-08-15,LNG Tanker,east_west,93124.0,745085.124
2025-08-16,LNG Tanker,east_west,445144.0,3561597.144
2025-08-17,LNG Tanker,east_west,308231.0,2466156.2309999997
2025-08-18,LNG Tanker,east_west,203010.0,1624283.0099999998
2025-08-19,LNG Tanker,east_west,382177.0,3057798.1769999997
2025-08-20,LNG Tanker,east_west,628220.0,5026388.22
2025-08-21,LNG Tanker,east_west,287583.0,2300951.5829999996
2025-08-22,LNG Tanker,east_west,267481.0,2140115.4809999997
2025-08-23,LNG Tanker,east_west,586949.0,4696178.949
2025-08-24,LNG Tanker,east_west,460298.0,3682844.298
2025-08-25,LNG Tanker,east_west,296972.0,2376072.972
2025-08-26,LNG Tanker,east_west,170724.0,1365962.724
2025-08-27,LNG Tanker,east_west,291654.0,2333523.6539999996
2025-08-28,LNG Tanker,east_west,121957.0,975777.9569999999
2025-08-29,LNG Tanker,east_west,461012.0,3688557.0119999996
2025-08-30,LNG Tanker,east_west,259874.0,2079251.8739999998
2025-08-31,LNG Tanker,east_west,461842.0,3695197.8419999997
2025-09-01,LNG Tanker,east_west,159695.0,1277719.6949999998
2025-09-02,LNG Tanker,east_west,426561.0,3412914.5609999998
2025-09-03,LNG Tanker,east_west,72990.0,583992.99
2025-09-04,LNG Tanker,east_west,366180.0,2929806.1799999997
2025-09-05,LNG Tanker,east_west,185995.0,1488145.9949999999
2025-09-06,LNG Tanker,east_west,595853.0,4767419.853
2025-09-07,LNG Tanker,east_west,239581.0,1916887.5809999998
2025-09-08,LNG Tanker,east_west,246974.0,1976038.974
2025-09-09,LNG Tanker,east_west,383742.0,3070319.7419999996
2025-09-10,LNG Tanker,east_west,519060.0,4152999.0599999996
2025-09-11,LNG Tanker,east_west,281840.0,2255001.84
2025-09-12,LNG Tanker,east_west,0.0,0.0
2025-09-13,LNG Tanker,east_west,324418.0,2595668.4179999996
2025-09-14,LNG Tanker,east_west,206826.0,1654814.826
2025-09-15,LNG Tanker,east_west,373574.0,2988965.574
2025-09-16,LNG Tanker,east_west,358342.0,2867094.3419999997
2025-09-17,LNG Tanker,east_west,93124.0,745085.124
2025-09-18,LNG Tanker,east_west,231890.0,1855351.89
2025-09-19,LNG Tanker,east_west,391016.0,3128519.016
2025-09-20,LNG Tanker,east_west,266793.0,2134610.793
2025-09-21,LNG Tanker,east_west,374507.0,2996430.5069999998
2025-09-22,LNG Tanker,east_west,109503.0,876133.5029999999
2025-09-23,LNG Tanker,east_west,261594.0,2093013.5939999998
2025-09-24,LNG Tanker,east_west,361018.0,2888505.0179999997
2025-09-25,LNG Tanker,east_west,0.0,0.0
2025-09-26,LNG Tanker,east_west,288703.0,2309912.7029999997
2025-09-27,LNG Tanker,east_west,0.0,0.0
2025-09-28,LNG Tanker,east_west,490265.0,3922610.2649999997
2025-09-29,LNG Tanker,east_west,84863.0,678988.8629999999
2025-09-30,LNG Tanker,east_west,409501.0,3276417.5009999997
2025-10-01,LNG Tanker,east_west,174219.0,1393926.2189999998
2025-10-02,LNG Tanker,east_west,314104.0,2513146.104
2025-10-03,LNG Tanker,east_west,184675.0,1477584.6749999998
2025-10-04,LNG Tanker,east_west,301546.0,2412669.5459999996
2025-10-05,LNG Tanker,east_west,197701.0,1581805.701
2025-10-06,LNG Tanker,east_west,77053.0,616501.053
2025-10-07,LNG Tanker,east_west,683630.0,5469723.63
2025-10-08,LNG Tanker,east_west,289482.0,2316145.482
2025-10-09,LNG Tanker,east_west,255599.0,2045047.599
2025-10-10,LNG Tanker,east_west,398443.0,3187942.443
2025-10-11,LNG Tanker,east_west,585103.0,4681409.103
2025-10-12,LNG Tanker,east_west,186573.0,1492770.5729999999
2025-10-13,LNG Tanker,east_west,416380.0,3331456.38
2025-10-14,LNG Tanker,east_west,273973.0,2192057.9729999998
2025-10-15,LNG Tanker,east_west,0.0,0.0
2025-10-16,LNG Tanker,east_west,327288.0,2618631.2879999997
2025-10-17,LNG Tanker,east_west,253971.0,2032021.971
2025-10-18,LNG Tanker,east_west,79460.0,635759.46
2025-10-19,LNG Tanker,east_west,153413.0,1227457.413
2025-10-20,LNG Tanker,east_west,252012.0,2016348.0119999999
2025-10-21,LNG Tanker,east_west,283977.0,2272099.977
2025-10-22,LNG Tanker,east_west,170951.0,1367778.951
2025-10-23,LNG Tanker,east_west,318190.0,2545838.19
2025-10-24,LNG Tanker,east_west,151476.0,1211959.476
2025-10-25,LNG Tanker,east_west,777920.0,6224137.92
2025-10-26,LNG Tanker,east_west,244729.0,1958076.7289999998
2025-10-27,LNG Tanker,east_west,208498.0,1668192.498
2025-10-28,LNG Tanker,east_west,81097.0,648857.097
2025-10-29,LNG Tanker,east_west,575915.0,4607895.915
2025-10-30,LNG Tanker,east_west,459559.0,3676931.559
2025-10-31,LNG Tanker,east_west,194986.0,1560082.9859999998
2025-11-01,LNG Tanker,east_west,166074.0,1328758.074
2025-11-02,LNG Tanker,east_west,121939.0,975633.9389999999
2025-11-03,LNG Tanker,east_west,255540.0,2044575.5399999998
2025-11-04,LNG Tanker,east_west,0.0,0.0
2025-11-05,LNG Tanker,east_west,304743.0,2438248.743
2025-11-06,LNG Tanker,east_west,77053.0,616501.053
2025-11-07,LNG Tanker,east_west,73705.0,589713.705
2025-11-08,LNG Tanker,east_west,419877.0,3359435.877
2025-11-09,LNG Tanker,east_west,300519.0,2404452.519
2025-11-10,LNG Tanker,east_west,87780.0,702327.7799999999
2025-11-11,LNG Tanker,east_west,661492.0,5292597.492
2025-11-12,LNG Tanker,east_west,313925.0,2511713.925
2025-11-13,LNG Tanker,east_west,276226.0,2210084.226
2025-11-14,LNG Tanker,east_west,72462.0,579768.4619999999
2025-11-15,LNG Tanker,east_west,121946.0,975689.9459999999
2025-11-16,LNG Tanker,east_west,420468.0,3364164.468
2025-11-17,LNG Tanker,east_west,601970.0,4816361.97
2025-11-18,LNG Tanker,east_west,271249.0,2170263.249
2025-11-19,LNG Tanker,east_west,0.0,0.0
2025-11-20,LNG Tanker,east_west,287719.0,2302039.719
2025-11-21,LNG Tanker,east_west,154187.0,1233650.187
2025-11-22,LNG Tanker,east_west,121914.0,975433.914
2025-11-23,LNG Tanker,east_west,435343.0,3483179.343
2025-11-24,LNG Tanker,east_west,265939.0,2127777.939
2025-11-25,LNG Tanker,east_west,243369.0,1947195.369
2025-11-26,LNG Tanker,east_west,578370.0,4627538.37
2025-11-27,LNG Tanker,east_west,268642.0,2149404.642
2025-11-28,LNG Tanker,east_west,332428.0,2659756.428
2025-11-29,LNG Tanker,east_west,186120.0,1489146.1199999999
2025-11-30,LNG Tanker,east_west,0.0,0.0
2025-12-01,LNG Tanker,east_west,411627.0,3293427.627
2025-12-02,LNG Tanker,east_west,422520.0,3380582.5199999996
2025-12-03,LNG Tanker,east_west,250609.0,2005122.609
2025-12-04,LNG Tanker,east_west,94326.0,754702.326
2025-12-05,LNG Tanker,east_west,81097.0,648857.097
2025-12-06,LNG Tanker,east_west,172815.0,1382692.815
2025-12-07,LNG Tanker,east_west,353882.0,2831409.8819999998
2025-12-08,LNG Tanker,east_west,310904.0,2487542.9039999996
2025-12-09,LNG Tanker,east_west,375751.0,3006383.7509999997
2025-12-10,LNG Tanker,east_west,376036.0,3008664.036
2025-12-11,LNG Tanker,east_west,238329.0,1906870.329
2025-12-12,LNG Tanker,east_west,273466.0,2188001.466
2025-12-13,LNG Tanker,east_west,86655.0,693326.6549999999
2025-12-14,LNG Tanker,east_west,720747.0,5766696.7469999995
2025-12-15,LNG Tanker,east_west,268112.0,2145164.1119999997
2025-12-16,LNG Tanker,east_west,72453.0,579696.453
2025-12-17,LNG Tanker,east_west,685112.0,5481581.112
2025-12-18,LNG Tanker,east_west,290550.0,2324690.55
2025-12-19,LNG Tanker,east_west,211763.0,1694315.7629999998
2025-12-20,LNG Tanker,east_west,155798.0,1246539.798
2025-12-21,LNG Tanker,east_west,508918.0,4071852.9179999996
2025-12-22,LNG Tanker,east_west,295708.0,2365959.7079999996
2025-12-23,LNG Tanker,east_west,304839.0,2439016.8389999997
2025-12-24,LNG Tanker,east_west,404399.0,3235596.3989999997
2025-12-25,LNG Tanker,east_west,255221.0,2042023.221
2025-12-26,LNG Tanker,east_west,516364.0,4131428.3639999996
2025-12-27,LNG Tanker,east_west,246522.0,1972422.5219999999
2025-12-28,LNG Tanker,east_west,208178.0,1665632.1779999998
2025-12-29,LNG Tanker,east_west,226937.0,1815722.937
2025-12-30,LNG Tanker,east_west,454875.0,3639454.8749999995
2025-12-31,LNG Tanker,east_west,273030.0,2184513.03
2026-01-01,LNG Tanker,east_west,130441.0,1043658.4409999999
2026-01-02,LNG Tanker,east_west,121957.0,975777.9569999999
2026-01-03,LNG Tanker,east_west,537243.0,4298481.243
2026-01-04,LNG Tanker,east_west,332450.0,2659932.4499999997
2026-01-05,LNG Tanker,east_west,223332.0,1786879.332
2026-01-06,LNG Tanker,east_west,521887.0,4175617.8869999996
2026-01-07,LNG Tanker,east_west,232964.0,1863944.964
2026-01-08,LNG Tanker,east_west,308173.0,2465692.173
2026-01-09,LNG Tanker,east_west,588376.0,4707596.375999999
2026-01-10,LNG Tanker,east_west,180981.0,1448028.981
2026-01-11,LNG Tanker,east_west,321043.0,2568665.0429999996
2026-01-12,LNG Tanker,east_west,171399.0,1371363.399
2026-01-13,LNG Tanker,east_west,629280.0,5034869.279999999
2026-01-14,LNG Tanker,east_west,107153.0,857331.1529999999
2026-01-15,LNG Tanker,east_west,523594.0,4189275.5939999996
2026-01-16,LNG Tanker,east_west,326543.0,2612670.5429999996
2026-01-17,LNG Tanker,east_west,205246.0,1642173.2459999998
2026-01-18,LNG Tanker,east_west,109555.0,876549.5549999999
2026-01-19,LNG Tanker,east_west,257189.0,2057769.1889999998
2026-01-20,LNG Tanker,east_west,276386.0,2211364.386
2026-01-21,LNG Tanker,east_west,239845.0,1918999.845
2026-01-22,LNG Tanker,east_west,74067.0,592610.0669999999
2026-01-23,LNG Tanker,east_west,326961.0,2616014.9609999997
2026-01-24,LNG Tanker,east_west,130157.0,1041386.1569999999
2026-01-25,LNG Tanker,east_west,87405.0,699327.4049999999
2026-01-26,LNG Tanker,east_west,203080.0,1624843.0799999998
2026-01-27,LNG Tanker,east_west,371897.0,2975547.897
2026-01-28,LNG Tanker,east_west,203988.0,1632107.988
2026-01-29,LNG Tanker,east_west,316042.0,2528652.042
2026-01-30,LNG Tanker,east_west,211199.0,1689803.1989999998
2026-01-31,LNG Tanker,east_west,512806.0,4102960.806
2026-02-01,LNG Tanker,east_west,194311.0,1554682.311
2026-02-02,LNG Tanker,east_west,184289.0,1474496.2889999999
2026-02-03,LNG Tanker,east_west,365360.0,2923245.36
2026-02-04,LNG Tanker,east_west,379966.0,3040107.966
2026-02-05,LNG Tanker,east_west,186703.0,1493810.703
2026-02-06,LNG Tanker,east_west,257848.0,2063041.8479999998
2026-02-07,LNG Tanker,east_west,171562.0,1372667.562
2026-02-08,LNG Tanker,east_west,302381.0,2419350.381
2026-02-09,LNG Tanker,east_west,302233.0,2418166.233
2026-02-10,LNG Tanker,east_west,391388.0,3131495.388
2026-02-11,LNG Tanker,east_west,416524.0,3332608.5239999997
2026-02-12,LNG Tanker,east_west,402569.0,3220954.5689999997
2026-02-13,LNG Tanker,east_west,475301.0,3802883.3009999995
2026-02-14,LNG Tanker,east_west,211678.0,1693635.6779999998
2026-02-15,LNG Tanker,east_west,0.0,0.0
2026-02-16,LNG Tanker,east_west,187322.0,1498763.322
2026-02-17,LNG Tanker,east_west,388827.0,3111004.8269999996
2026-02-18,LNG Tanker,east_west,485009.0,3880557.0089999996
2026-02-19,LNG Tanker,east_west,275957.0,2207931.957
2026-02-20,LNG Tanker,east_west,259230.0,2074099.2299999997
2026-02-21,LNG Tanker,east_west,252015.0,2016372.015
2026-02-22,LNG Tanker,east_west,264503.0,2116288.503
2026-02-23,LNG Tanker,east_west,497512.0,3980593.5119999996
2026-02-24,LNG Tanker,east_west,163341.0,1306891.341
2026-02-25,LNG Tanker,east_west,251938.0,2015755.9379999998
2026-02-26,LNG Tanker,east_west,460602.0,3685276.602
2026-02-27,LNG Tanker,east_west,261208.0,2089925.2079999999
2026-02-28,LNG Tanker,east_west,175423.0,1403559.423
2026-03-01,LNG Tanker,east_west,0.0,0.0
2026-03-02,LNG Tanker,east_west,0.0,0.0
2026-03-03,LNG Tanker,east_west,0.0,0.0
2026-03-04,LNG Tanker,east_west,0.0,0.0
2026-03-05,LNG Tanker,east_west,0.0,0.0
2026-03-06,LNG Tanker,east_west,0.0,0.0
2026-03-07,LNG Tanker,east_west,0.0,0.0
2026-03-08,LNG Tanker,east_west,0.0,0.0
2026-03-09,LNG Tanker,east_west,0.0,0.0
2026-03-10,LNG Tanker,east_west,0.0,0.0
2026-03-11,LNG Tanker,east_west,0.0,0.0
2026-03-12,LNG Tanker,east_west,0.0,0.0
2026-03-13,LNG Tanker,east_west,0.0,0.0
2026-03-14,LNG Tanker,east_west,0.0,0.0
2026-03-15,LNG Tanker,east_west,0.0,0.0
2026-03-16,LNG Tanker,east_west,0.0,0.0
2026-03-17,LNG Tanker,east_west,0.0,0.0
2026-03-18,LNG Tanker,east_west,0.0,0.0
2026-03-19,LNG Tanker,east_west,0.0,0.0
2026-03-20,LNG Tanker,east_west,0.0,0.0
2026-03-21,LNG Tanker,east_west,0.0,0.0
2026-03-22,LNG Tanker,east_west,0.0,0.0
2026-03-23,LNG Tanker,east_west,0.0,0.0
2026-03-24,LNG Tanker,east_west,0.0,0.0
2026-03-25,LNG Tanker,east_west,0.0,0.0
2026-03-26,LNG Tanker,east_west,0.0,0.0
2026-03-27,LNG Tanker,east_west,0.0,0.0
2026-03-28,LNG Tanker,east_west,0.0,0.0
2026-03-29,LNG Tanker,east_west,0.0,0.0
2026-03-30,LNG Tanker,east_west,0.0,0.0
2026-03-31,LNG Tanker,east_west,0.0,0.0
2026-04-01,LNG Tanker,east_west,0.0,0.0
2026-04-02,LNG Tanker,east_west,0.0,0.0
2026-04-03,LNG Tanker,east_west,0.0,0.0
2026-04-04,LNG Tanker,east_west,0.0,0.0
2026-04-05,LNG Tanker,east_west,0.0,0.0
2026-04-06,LNG Tanker,east_west,0.0,0.0
2026-04-07,LNG Tanker,east_west,0.0,0.0
2026-04-08,LNG Tanker,east_west,0.0,0.0
2026-04-09,LNG Tanker,east_west,0.0,0.0
2026-04-10,LNG Tanker,east_west,0.0,0.0
2026-04-11,LNG Tanker,east_west,0.0,0.0
2026-04-12,LNG Tanker,east_west,0.0,0.0
2026-04-13,LNG Tanker,east_west,0.0,0.0
2026-04-14,LNG Tanker,east_west,0.0,0.0
2026-04-15,LNG Tanker,east_west,0.0,0.0
2026-04-16,LNG Tanker,east_west,0.0,0.0
2026-04-17,LNG Tanker,east_west,0.0,0.0
2026-04-18,LNG Tanker,east_west,0.0,0.0
2026-04-19,LNG Tanker,east_west,0.0,0.0
2026-04-20,LNG Tanker,east_west,0.0,0.0
2026-04-21,LNG Tanker,east_west,0.0,0.0
2026-04-22,LNG Tanker,east_west,0.0,0.0
2026-04-23,LNG Tanker,east_west,0.0,0.0
2026-04-24,LNG Tanker,east_west,0.0,0.0
2026-04-25,LNG Tanker,east_west,0.0,0.0
2026-04-26,LNG Tanker,east_west,0.0,0.0
2026-04-27,LNG Tanker,east_west,0.0,0.0
2026-04-28,LNG Tanker,east_west,0.0,0.0
2026-04-29,LNG Tanker,east_west,0.0,0.0
2026-04-30,LNG Tanker,east_west,0.0,0.0
2026-05-01,LNG Tanker,east_west,0.0,0.0
2026-05-02,LNG Tanker,east_west,0.0,0.0
2026-05-03,LNG Tanker,east_west,0.0,0.0
2026-05-04,LNG Tanker,east_west,0.0,0.0
2026-05-05,LNG Tanker,east_west,0.0,0.0
2026-05-06,LNG Tanker,east_west,0.0,0.0
2026-05-07,LNG Tanker,east_west,0.0,0.0
2026-05-08,LNG Tanker,east_west,0.0,0.0
2026-05-09,LNG Tanker,east_west,0.0,0.0
2026-05-10,LNG Tanker,east_west,0.0,0.0
2026-05-11,LNG Tanker,east_west,0.0,0.0
2026-05-12,LNG Tanker,east_west,0.0,0.0
2026-05-13,LNG Tanker,east_west,0.0,0.0
2026-05-14,LNG Tanker,east_west,0.0,0.0
2026-05-15,LNG Tanker,east_west,0.0,0.0
2026-05-16,LNG Tanker,east_west,0.0,0.0
2026-05-17,LNG Tanker,east_west,0.0,0.0
2026-05-18,LNG Tanker,east_west,0.0,0.0
2026-05-19,LNG Tanker,east_west,0.0,0.0
2026-05-20,LNG Tanker,east_west,0.0,0.0
2026-05-21,LNG Tanker,east_west,0.0,0.0
2026-05-22,LNG Tanker,east_west,0.0,0.0
2026-05-23,LNG Tanker,east_west,0.0,0.0
2026-05-24,LNG Tanker,east_west,0.0,0.0
2026-05-25,LNG Tanker,east_west,0.0,0.0
2026-05-26,LNG Tanker,east_west,0.0,0.0
2025-05-28,LNG Tanker,west_east,522151.0,4177730.1509999996
2025-05-29,LNG Tanker,west_east,157863.0,1263061.863
2025-05-30,LNG Tanker,west_east,218559.0,1748690.559
2025-05-31,LNG Tanker,west_east,291463.0,2331995.463
2025-06-01,LNG Tanker,west_east,316638.0,2533420.638
2025-06-02,LNG Tanker,west_east,479373.0,3835463.3729999997
2025-06-03,LNG Tanker,west_east,165179.0,1321597.179
2025-06-04,LNG Tanker,west_east,205971.0,1647973.971
2025-06-05,LNG Tanker,west_east,435239.0,3482347.2389999996
2025-06-06,LNG Tanker,west_east,82104.0,656914.1039999999
2025-06-07,LNG Tanker,west_east,398879.0,3191430.8789999997
2025-06-08,LNG Tanker,west_east,542790.0,4342862.79
2025-06-09,LNG Tanker,west_east,416422.0,3331792.422
2025-06-10,LNG Tanker,west_east,304293.0,2434648.293
2025-06-11,LNG Tanker,west_east,240601.0,1925048.6009999998
2025-06-12,LNG Tanker,west_east,174173.0,1393558.173
2025-06-13,LNG Tanker,west_east,440992.0,3528376.9919999996
2025-06-14,LNG Tanker,west_east,122079.0,976754.0789999999
2025-06-15,LNG Tanker,west_east,171415.0,1371491.4149999998
2025-06-16,LNG Tanker,west_east,524544.0,4196876.544
2025-06-17,LNG Tanker,west_east,254298.0,2034638.298
2025-06-18,LNG Tanker,west_east,388411.0,3107676.411
2025-06-19,LNG Tanker,west_east,291197.0,2329867.1969999997
2025-06-20,LNG Tanker,west_east,130157.0,1041386.1569999999
2025-06-21,LNG Tanker,west_east,93025.0,744293.0249999999
2025-06-22,LNG Tanker,west_east,553716.0,4430281.716
2025-06-23,LNG Tanker,west_east,79460.0,635759.46
2025-06-24,LNG Tanker,west_east,341795.0,2734701.795
2025-06-25,LNG Tanker,west_east,422402.0,3379638.402
2025-06-26,LNG Tanker,west_east,315631.0,2525363.631
2025-06-27,LNG Tanker,west_east,504083.0,4033168.0829999996
2025-06-28,LNG Tanker,west_east,82115.0,657002.115
2025-06-29,LNG Tanker,west_east,300460.0,2403980.46
2025-06-30,LNG Tanker,west_east,189220.0,1513949.22
2025-07-01,LNG Tanker,west_east,465357.0,3723321.357
2025-07-02,LNG Tanker,west_east,223423.0,1787607.423
2025-07-03,LNG Tanker,west_east,161659.0,1293433.659
2025-07-04,LNG Tanker,west_east,386442.0,3091922.442
2025-07-05,LNG Tanker,west_east,407029.0,3256639.0289999996
2025-07-06,LNG Tanker,west_east,232144.0,1857384.1439999999
2025-07-07,LNG Tanker,west_east,170085.0,1360850.085
2025-07-08,LNG Tanker,west_east,309616.0,2477237.616
2025-07-09,LNG Tanker,west_east,375057.0,3000831.0569999996
2025-07-10,LNG Tanker,west_east,359670.0,2877719.67
2025-07-11,LNG Tanker,west_east,184963.0,1479888.963
2025-07-12,LNG Tanker,west_east,202940.0,1623722.94
2025-07-13,LNG Tanker,west_east,317522.0,2540493.522
2025-07-14,LNG Tanker,west_east,257287.0,2058553.2869999998
2025-07-15,LNG Tanker,west_east,320149.0,2561512.1489999997
2025-07-16,LNG Tanker,west_east,345380.0,2763385.38
2025-07-17,LNG Tanker,west_east,419801.0,3358827.801
2025-07-18,LNG Tanker,west_east,386595.0,3093146.5949999997
2025-07-19,LNG Tanker,west_east,313333.0,2506977.3329999996
2025-07-20,LNG Tanker,west_east,275507.0,2204331.5069999998
2025-07-21,LNG Tanker,west_east,313132.0,2505369.1319999998
2025-07-22,LNG Tanker,west_east,187816.0,1502715.8159999999
2025-07-23,LNG Tanker,west_east,245930.0,1967685.93
2025-07-24,LNG Tanker,west_east,301235.0,2410181.235
2025-07-25,LNG Tanker,west_east,389199.0,3113981.1989999996
2025-07-26,LNG Tanker,west_east,446964.0,3576158.9639999997
2025-07-27,LNG Tanker,west_east,409920.0,3279769.92
2025-07-28,LNG Tanker,west_east,90617.0,725026.617
2025-07-29,LNG Tanker,west_east,252059.0,2016724.059
2025-07-30,LNG Tanker,west_east,332432.0,2659788.432
2025-07-31,LNG Tanker,west_east,265967.0,2128001.9669999997
2025-08-01,LNG Tanker,west_east,280632.0,2245336.6319999998
2025-08-02,LNG Tanker,west_east,524711.0,4198212.711
2025-08-03,LNG Tanker,west_east,409557.0,3276865.5569999996
2025-08-04,LNG Tanker,west_east,177022.0,1416353.0219999999
2025-08-05,LNG Tanker,west_east,259415.0,2075579.4149999998
2025-08-06,LNG Tanker,west_east,266193.0,2129810.193
2025-08-07,LNG Tanker,west_east,424399.0,3395616.3989999997
2025-08-08,LNG Tanker,west_east,430981.0,3448278.9809999997
2025-08-09,LNG Tanker,west_east,287667.0,2301623.667
2025-08-10,LNG Tanker,west_east,290244.0,2322242.244
2025-08-11,LNG Tanker,west_east,366023.0,2928550.0229999996
2025-08-12,LNG Tanker,west_east,153527.0,1228369.527
2025-08-13,LNG Tanker,west_east,92996.0,744060.9959999999
2025-08-14,LNG Tanker,west_east,283655.0,2269523.655
2025-08-15,LNG Tanker,west_east,313164.0,2505625.164
2025-08-16,LNG Tanker,west_east,184943.0,1479728.943
2025-08-17,LNG Tanker,west_east,512707.0,4102168.707
2025-08-18,LNG Tanker,west_east,290567.0,2324826.567
2025-08-19,LNG Tanker,west_east,170213.0,1361874.213
2025-08-20,LNG Tanker,west_east,198380.0,1587238.38
2025-08-21,LNG Tanker,west_east,336397.0,2691512.397
2025-08-22,LNG Tanker,west_east,154940.0,1239674.94
2025-08-23,LNG Tanker,west_east,163166.0,1305491.166
2025-08-24,LNG Tanker,west_east,527355.0,4219367.3549999995
2025-08-25,LNG Tanker,west_east,465475.0,3724265.4749999996
2025-08-26,LNG Tanker,west_east,303665.0,2429623.665
2025-08-27,LNG Tanker,west_east,253202.0,2025869.2019999998
2025-08-28,LNG Tanker,west_east,222683.0,1781686.683
2025-08-29,LNG Tanker,west_east,216405.0,1731456.4049999998
2025-08-30,LNG Tanker,west_east,294459.0,2355966.459
2025-08-31,LNG Tanker,west_east,203043.0,1624547.0429999998
2025-09-01,LNG Tanker,west_east,0.0,0.0
2025-09-02,LNG Tanker,west_east,553795.0,4430913.795
2025-09-03,LNG Tanker,west_east,252496.0,2020220.4959999998
2025-09-04,LNG Tanker,west_east,72430.0,579512.4299999999
2025-09-05,LNG Tanker,west_east,422975.0,3384222.9749999996
2025-09-06,LNG Tanker,west_east,356774.0,2854548.7739999997
2025-09-07,LNG Tanker,west_east,152450.0,1219752.45
2025-09-08,LNG Tanker,west_east,411668.0,3293755.6679999996
2025-09-09,LNG Tanker,west_east,251009.0,2008323.0089999998
2025-09-10,LNG Tanker,west_east,253226.0,2026061.2259999998
2025-09-11,LNG Tanker,west_east,240656.0,1925488.656
2025-09-12,LNG Tanker,west_east,274875.0,2199274.875
2025-09-13,LNG Tanker,west_east,306640.0,2453426.6399999997
2025-09-14,LNG Tanker,west_east,359487.0,2876255.4869999997
2025-09-15,LNG Tanker,west_east,0.0,0.0
2025-09-16,LNG Tanker,west_east,588661.0,4709876.660999999
2025-09-17,LNG Tanker,west_east,206773.0,1654390.7729999998
2025-09-18,LNG Tanker,west_east,177119.0,1417129.119
2025-09-19,LNG Tanker,west_east,273396.0,2187441.3959999997
2025-09-20,LNG Tanker,west_east,394765.0,3158514.7649999997
2025-09-21,LNG Tanker,west_east,407831.0,3263055.831
2025-09-22,LNG Tanker,west_east,187450.0,1499787.45
2025-09-23,LNG Tanker,west_east,266489.0,2132178.489
2025-09-24,LNG Tanker,west_east,260266.0,2082388.2659999998
2025-09-25,LNG Tanker,west_east,121939.0,975633.9389999999
2025-09-26,LNG Tanker,west_east,170132.0,1361226.132
2025-09-27,LNG Tanker,west_east,197336.0,1578885.336
2025-09-28,LNG Tanker,west_east,802879.0,6423834.879
2025-09-29,LNG Tanker,west_east,104666.0,837432.666
2025-09-30,LNG Tanker,west_east,175423.0,1403559.423
2025-10-01,LNG Tanker,west_east,361521.0,2892529.5209999997
2025-10-02,LNG Tanker,west_east,143198.0,1145727.1979999999
2025-10-03,LNG Tanker,west_east,281837.0,2254977.837
2025-10-04,LNG Tanker,west_east,165413.0,1323469.413
2025-10-05,LNG Tanker,west_east,404166.0,3233732.1659999997
2025-10-06,LNG Tanker,west_east,162697.0,1301738.697
2025-10-07,LNG Tanker,west_east,275245.0,2202235.2449999996
2025-10-08,LNG Tanker,west_east,88877.0,711104.877
2025-10-09,LNG Tanker,west_east,373370.0,2987333.3699999996
2025-10-10,LNG Tanker,west_east,174333.0,1394838.3329999999
2025-10-11,LNG Tanker,west_east,330680.0,2645770.6799999997
2025-10-12,LNG Tanker,west_east,321420.0,2571681.42
2025-10-13,LNG Tanker,west_east,170071.0,1360738.071
2025-10-14,LNG Tanker,west_east,291239.0,2330203.239
2025-10-15,LNG Tanker,west_east,360656.0,2885608.656
2025-10-16,LNG Tanker,west_east,353773.0,2830537.7729999996
2025-10-17,LNG Tanker,west_east,144778.0,1158368.778
2025-10-18,LNG Tanker,west_east,253351.0,2027061.3509999998
2025-10-19,LNG Tanker,west_east,212440.0,1699732.44
2025-10-20,LNG Tanker,west_east,488656.0,3909736.656
2025-10-21,LNG Tanker,west_east,238422.0,1907614.4219999998
2025-10-22,LNG Tanker,west_east,204226.0,1634012.2259999998
2025-10-23,LNG Tanker,west_east,288577.0,2308904.577
2025-10-24,LNG Tanker,west_east,211339.0,1690923.339
2025-10-25,LNG Tanker,west_east,273487.0,2188169.4869999997
2025-10-26,LNG Tanker,west_east,355935.0,2847835.9349999996
2025-10-27,LNG Tanker,west_east,258788.0,2070562.788
2025-10-28,LNG Tanker,west_east,468490.0,3748388.4899999998
2025-10-29,LNG Tanker,west_east,390250.0,3122390.25
2025-10-30,LNG Tanker,west_east,459729.0,3678291.729
2025-10-31,LNG Tanker,west_east,82858.0,662946.858
2025-11-01,LNG Tanker,west_east,348425.0,2787748.425
2025-11-02,LNG Tanker,west_east,177550.0,1420577.5499999998
2025-11-03,LNG Tanker,west_east,350564.0,2804862.564
2025-11-04,LNG Tanker,west_east,223281.0,1786471.281
2025-11-05,LNG Tanker,west_east,357806.0,2862805.806
2025-11-06,LNG Tanker,west_east,276051.0,2208684.051
2025-11-07,LNG Tanker,west_east,297375.0,2379297.375
2025-11-08,LNG Tanker,west_east,284382.0,2275340.3819999998
2025-11-09,LNG Tanker,west_east,367767.0,2942503.767
2025-11-10,LNG Tanker,west_east,356486.0,2852244.486
2025-11-11,LNG Tanker,west_east,88039.0,704400.039
2025-11-12,LNG Tanker,west_east,345067.0,2760881.067
2025-11-13,LNG Tanker,west_east,385886.0,3087473.886
2025-11-14,LNG Tanker,west_east,372591.0,2981100.591
2025-11-15,LNG Tanker,west_east,243156.0,1945491.156
2025-11-16,LNG Tanker,west_east,286836.0,2294974.8359999997
2025-11-17,LNG Tanker,west_east,172553.0,1380596.5529999998
2025-11-18,LNG Tanker,west_east,321831.0,2574969.831
2025-11-19,LNG Tanker,west_east,405829.0,3247037.829
2025-11-20,LNG Tanker,west_east,207300.0,1658607.2999999998
2025-11-21,LNG Tanker,west_east,144334.0,1154816.334
2025-11-22,LNG Tanker,west_east,335961.0,2688023.9609999997
2025-11-23,LNG Tanker,west_east,275751.0,2206283.7509999997
2025-11-24,LNG Tanker,west_east,302424.0,2419694.4239999996
2025-11-25,LNG Tanker,west_east,160501.0,1284168.501
2025-11-26,LNG Tanker,west_east,282025.0,2256482.025
2025-11-27,LNG Tanker,west_east,402959.0,3224074.959
2025-11-28,LNG Tanker,west_east,94326.0,754702.326
2025-11-29,LNG Tanker,west_east,311254.0,2490343.2539999997
2025-11-30,LNG Tanker,west_east,202598.0,1620986.598
2025-12-01,LNG Tanker,west_east,465970.0,3728225.9699999997
2025-12-02,LNG Tanker,west_east,446607.0,3573302.607
2025-12-03,LNG Tanker,west_east,93124.0,745085.124
2025-12-04,LNG Tanker,west_east,281464.0,2251993.4639999997
2025-12-05,LNG Tanker,west_east,255055.0,2040695.055
2025-12-06,LNG Tanker,west_east,94326.0,754702.326
2025-12-07,LNG Tanker,west_east,361379.0,2891393.3789999997
2025-12-08,LNG Tanker,west_east,78489.0,627990.489
2025-12-09,LNG Tanker,west_east,184357.0,1475040.3569999998
2025-12-10,LNG Tanker,west_east,527852.0,4223343.852
2025-12-11,LNG Tanker,west_east,224435.0,1795704.4349999998
2025-12-12,LNG Tanker,west_east,477864.0,3823389.8639999996
2025-12-13,LNG Tanker,west_east,90617.0,725026.617
2025-12-14,LNG Tanker,west_east,468928.0,3751892.928
2025-12-15,LNG Tanker,west_east,376347.0,3011152.3469999996
2025-12-16,LNG Tanker,west_east,219500.0,1756219.4999999998
2025-12-17,LNG Tanker,west_east,249593.0,1996993.5929999999
2025-12-18,LNG Tanker,west_east,181731.0,1454029.731
2025-12-19,LNG Tanker,west_east,288622.0,2309264.622
2025-12-20,LNG Tanker,west_east,304488.0,2436208.488
2025-12-21,LNG Tanker,west_east,223333.0,1786887.3329999999
2025-12-22,LNG Tanker,west_east,201547.0,1612577.5469999998
2025-12-23,LNG Tanker,west_east,322534.0,2580594.534
2025-12-24,LNG Tanker,west_east,348449.0,2787940.449
2025-12-25,LNG Tanker,west_east,219854.0,1759051.8539999998
2025-12-26,LNG Tanker,west_east,121914.0,975433.914
2025-12-27,LNG Tanker,west_east,390386.0,3123478.386
2025-12-28,LNG Tanker,west_east,257577.0,2060873.5769999998
2025-12-29,LNG Tanker,west_east,165878.0,1327189.8779999998
2025-12-30,LNG Tanker,west_east,165577.0,1324781.5769999998
2025-12-31,LNG Tanker,west_east,174920.0,1399534.92
2026-01-01,LNG Tanker,west_east,84554.0,676516.554
2026-01-02,LNG Tanker,west_east,417041.0,3336745.0409999997
2026-01-03,LNG Tanker,west_east,290589.0,2325002.5889999997
2026-01-04,LNG Tanker,west_east,254827.0,2038870.8269999998
2026-01-05,LNG Tanker,west_east,280841.0,2247008.841
2026-01-06,LNG Tanker,west_east,167070.0,1336727.0699999998
2026-01-07,LNG Tanker,west_east,369878.0,2959393.878
2026-01-08,LNG Tanker,west_east,165364.0,1323077.3639999998
2026-01-09,LNG Tanker,west_east,537131.0,4297585.131
2026-01-10,LNG Tanker,west_east,304261.0,2434392.261
2026-01-11,LNG Tanker,west_east,237524.0,1900429.524
2026-01-12,LNG Tanker,west_east,419793.0,3358763.7929999996
2026-01-13,LNG Tanker,west_east,249904.0,1999481.9039999999
2026-01-14,LNG Tanker,west_east,427486.0,3420315.4859999996
2026-01-15,LNG Tanker,west_east,291840.0,2335011.84
2026-01-16,LNG Tanker,west_east,214906.0,1719462.906
2026-01-17,LNG Tanker,west_east,446823.0,3575030.823
2026-01-18,LNG Tanker,west_east,294465.0,2356014.465
2026-01-19,LNG Tanker,west_east,176980.0,1416016.98
2026-01-20,LNG Tanker,west_east,327824.0,2622919.824
2026-01-21,LNG Tanker,west_east,386837.0,3095082.837
2026-01-22,LNG Tanker,west_east,385491.0,3084313.491
2026-01-23,LNG Tanker,west_east,109503.0,876133.5029999999
2026-01-24,LNG Tanker,west_east,177427.0,1419593.427
2026-01-25,LNG Tanker,west_east,376818.0,3014920.818
2026-01-26,LNG Tanker,west_east,335129.0,2681367.1289999997
2026-01-27,LNG Tanker,west_east,236433.0,1891700.433
2026-01-28,LNG Tanker,west_east,318554.0,2548750.554
2026-01-29,LNG Tanker,west_east,251869.0,2015203.869
2026-01-30,LNG Tanker,west_east,378899.0,3031570.8989999997
2026-01-31,LNG Tanker,west_east,174060.0,1392654.0599999998
2026-02-01,LNG Tanker,west_east,304453.0,2435928.4529999997
2026-02-02,LNG Tanker,west_east,203988.0,1632107.988
2026-02-03,LNG Tanker,west_east,478418.0,3827822.4179999996
2026-02-04,LNG Tanker,west_east,176259.0,1410248.2589999998
2026-02-05,LNG Tanker,west_east,436004.0,3488468.0039999997
2026-02-06,LNG Tanker,west_east,313550.0,2508713.55
2026-02-07,LNG Tanker,west_east,240262.0,1922336.2619999999
2026-02-08,LNG Tanker,west_east,273570.0,2188833.57
2026-02-09,LNG Tanker,west_east,267398.0,2139451.398
2026-02-10,LNG Tanker,west_east,357591.0,2861085.591
2026-02-11,LNG Tanker,west_east,300946.0,2407868.946
2026-02-12,LNG Tanker,west_east,303081.0,2424951.081
2026-02-13,LNG Tanker,west_east,187450.0,1499787.45
2026-02-14,LNG Tanker,west_east,389954.0,3120021.954
2026-02-15,LNG Tanker,west_east,287536.0,2300575.536
2026-02-16,LNG Tanker,west_east,436501.0,3492444.5009999997
2026-02-17,LNG Tanker,west_east,94326.0,754702.326
2026-02-18,LNG Tanker,west_east,364801.0,2918772.801
2026-02-19,LNG Tanker,west_east,360595.0,2885120.5949999997
2026-02-20,LNG Tanker,west_east,375681.0,3005823.681
2026-02-21,LNG Tanker,west_east,296757.0,2374352.7569999998
2026-02-22,LNG Tanker,west_east,288364.0,2307200.364
2026-02-23,LNG Tanker,west_east,239801.0,1918647.801
2026-02-24,LNG Tanker,west_east,371831.0,2975019.831
2026-02-25,LNG Tanker,west_east,358998.0,2872342.9979999997
2026-02-26,LNG Tanker,west_east,344007.0,2752400.0069999998
2026-02-27,LNG Tanker,west_east,223200.0,1785823.2
2026-02-28,LNG Tanker,west_east,82104.0,656914.1039999999
2026-03-01,LNG Tanker,west_east,0.0,0.0
2026-03-02,LNG Tanker,west_east,0.0,0.0
2026-03-03,LNG Tanker,west_east,0.0,0.0
2026-03-04,LNG Tanker,west_east,0.0,0.0
2026-03-05,LNG Tanker,west_east,0.0,0.0
2026-03-06,LNG Tanker,west_east,0.0,0.0
2026-03-07,LNG Tanker,west_east,0.0,0.0
2026-03-08,LNG Tanker,west_east,0.0,0.0
2026-03-09,LNG Tanker,west_east,0.0,0.0
2026-03-10,LNG Tanker,west_east,0.0,0.0
2026-03-11,LNG Tanker,west_east,0.0,0.0
2026-03-12,LNG Tanker,west_east,0.0,0.0
2026-03-13,LNG Tanker,west_east,0.0,0.0
2026-03-14,LNG Tanker,west_east,0.0,0.0
2026-03-15,LNG Tanker,west_east,0.0,0.0
2026-03-16,LNG Tanker,west_east,0.0,0.0
2026-03-17,LNG Tanker,west_east,0.0,0.0
2026-03-18,LNG Tanker,west_east,0.0,0.0
2026-03-19,LNG Tanker,west_east,0.0,0.0
2026-03-20,LNG Tanker,west_east,0.0,0.0
2026-03-21,LNG Tanker,west_east,0.0,0.0
2026-03-22,LNG Tanker,west_east,0.0,0.0
2026-03-23,LNG Tanker,west_east,0.0,0.0
2026-03-24,LNG Tanker,west_east,0.0,0.0
2026-03-25,LNG Tanker,west_east,0.0,0.0
2026-03-26,LNG Tanker,west_east,0.0,0.0
2026-03-27,LNG Tanker,west_east,0.0,0.0
2026-03-28,LNG Tanker,west_east,0.0,0.0
2026-03-29,LNG Tanker,west_east,0.0,0.0
2026-03-30,LNG Tanker,west_east,0.0,0.0
2026-03-31,LNG Tanker,west_east,0.0,0.0
2026-04-01,LNG Tanker,west_east,0.0,0.0
2026-04-02,LNG Tanker,west_east,71997.0,576047.997
2026-04-03,LNG Tanker,west_east,0.0,0.0
2026-04-04,LNG Tanker,west_east,0.0,0.0
2026-04-05,LNG Tanker,west_east,0.0,0.0
2026-04-06,LNG Tanker,west_east,0.0,0.0
2026-04-07,LNG Tanker,west_east,0.0,0.0
2026-04-08,LNG Tanker,west_east,0.0,0.0
2026-04-09,LNG Tanker,west_east,0.0,0.0
2026-04-10,LNG Tanker,west_east,0.0,0.0
2026-04-11,LNG Tanker,west_east,0.0,0.0
2026-04-12,LNG Tanker,west_east,0.0,0.0
2026-04-13,LNG Tanker,west_east,0.0,0.0
2026-04-14,LNG Tanker,west_east,0.0,0.0
2026-04-15,LNG Tanker,west_east,0.0,0.0
2026-04-16,LNG Tanker,west_east,0.0,0.0
2026-04-17,LNG Tanker,west_east,0.0,0.0
2026-04-18,LNG Tanker,west_east,0.0,0.0
2026-04-19,LNG Tanker,west_east,0.0,0.0
2026-04-20,LNG Tanker,west_east,0.0,0.0
2026-04-21,LNG Tanker,west_east,0.0,0.0
2026-04-22,LNG Tanker,west_east,0.0,0.0
2026-04-23,LNG Tanker,west_east,0.0,0.0
2026-04-24,LNG Tanker,west_east,0.0,0.0
2026-04-25,LNG Tanker,west_east,0.0,0.0
2026-04-26,LNG Tanker,west_east,72950.0,583672.95
2026-04-27,LNG Tanker,west_east,0.0,0.0
2026-04-28,LNG Tanker,west_east,0.0,0.0
2026-04-29,LNG Tanker,west_east,0.0,0.0
2026-04-30,LNG Tanker,west_east,0.0,0.0
2026-05-01,LNG Tanker,west_east,0.0,0.0
2026-05-02,LNG Tanker,west_east,0.0,0.0
2026-05-03,LNG Tanker,west_east,0.0,0.0
2026-05-04,LNG Tanker,west_east,0.0,0.0
2026-05-05,LNG Tanker,west_east,0.0,0.0
2026-05-06,LNG Tanker,west_east,0.0,0.0
2026-05-07,LNG Tanker,west_east,0.0,0.0
2026-05-08,LNG Tanker,west_east,0.0,0.0
2026-05-09,LNG Tanker,west_east,0.0,0.0
2026-05-10,LNG Tanker,west_east,107153.0,857331.1529999999
2026-05-11,LNG Tanker,west_east,0.0,0.0
2026-05-12,LNG Tanker,west_east,93035.0,744373.0349999999
2026-05-13,LNG Tanker,west_east,0.0,0.0
2026-05-14,LNG Tanker,west_east,0.0,0.0
2026-05-15,LNG Tanker,west_east,0.0,0.0
2026-05-16,LNG Tanker,west_east,0.0,0.0
2026-05-17,LNG Tanker,west_east,0.0,0.0
2026-05-18,LNG Tanker,west_east,0.0,0.0
2026-05-19,LNG Tanker,west_east,0.0,0.0
2026-05-20,LNG Tanker,west_east,0.0,0.0
2026-05-21,LNG Tanker,west_east,0.0,0.0
2026-05-22,LNG Tanker,west_east,0.0,0.0
2026-05-23,LNG Tanker,west_east,0.0,0.0
2026-05-24,LNG Tanker,west_east,0.0,0.0
2026-05-25,LNG Tanker,west_east,0.0,0.0
2026-05-26,LNG Tanker,west_east,0.0,0.0
2025-05-28,LPG Tanker,both,514443.0,3879929.1059999997
2025-05-29,LPG Tanker,both,263959.0,1990778.778
2025-05-30,LPG Tanker,both,633245.0,4775933.79
2025-05-31,LPG Tanker,both,259751.0,1959042.042
2025-06-01,LPG Tanker,both,379013.0,2858516.046
2025-06-02,LPG Tanker,both,309646.0,2335350.1319999998
2025-06-03,LPG Tanker,both,336397.0,2537106.174
2025-06-04,LPG Tanker,both,335713.0,2531947.446
2025-06-05,LPG Tanker,both,528237.0,3983963.454
2025-06-06,LPG Tanker,both,162212.0,1223402.9039999999
2025-06-07,LPG Tanker,both,362306.0,2732511.852
2025-06-08,LPG Tanker,both,171353.0,1292344.326
2025-06-09,LPG Tanker,both,619448.0,4671876.816
2025-06-10,LPG Tanker,both,466480.0,3518192.1599999997
2025-06-11,LPG Tanker,both,58757.0,443145.294
2025-06-12,LPG Tanker,both,394013.0,2971646.046
2025-06-13,LPG Tanker,both,309586.0,2334897.6119999997
2025-06-14,LPG Tanker,both,693630.0,5231357.46
2025-06-15,LPG Tanker,both,531386.0,4007713.212
2025-06-16,LPG Tanker,both,364198.0,2746781.316
2025-06-17,LPG Tanker,both,195167.0,1471949.514
2025-06-18,LPG Tanker,both,234923.0,1771789.266
2025-06-19,LPG Tanker,both,364628.0,2750024.376
2025-06-20,LPG Tanker,both,215282.0,1623656.844
2025-06-21,LPG Tanker,both,268691.0,2026467.5219999999
2025-06-22,LPG Tanker,both,338959.0,2556428.778
2025-06-23,LPG Tanker,both,90854.0,685220.868
2025-06-24,LPG Tanker,both,340568.0,2568563.856
2025-06-25,LPG Tanker,both,202007.0,1523536.794
2025-06-26,LPG Tanker,both,388893.0,2933031.006
2025-06-27,LPG Tanker,both,436482.0,3291947.244
2025-06-28,LPG Tanker,both,199013.0,1500956.0459999999
2025-06-29,LPG Tanker,both,358518.0,2703942.756
2025-06-30,LPG Tanker,both,376374.0,2838612.708
2025-07-01,LPG Tanker,both,53918.0,406649.556
2025-07-02,LPG Tanker,both,400235.0,3018572.37
2025-07-03,LPG Tanker,both,554395.0,4181247.09
2025-07-04,LPG Tanker,both,370524.0,2794492.008
2025-07-05,LPG Tanker,both,256422.0,1933934.724
2025-07-06,LPG Tanker,both,354708.0,2675207.736
2025-07-07,LPG Tanker,both,593115.0,4473273.33
2025-07-08,LPG Tanker,both,289393.0,2182602.006
2025-07-09,LPG Tanker,both,339796.0,2562741.432
2025-07-10,LPG Tanker,both,143436.0,1081794.312
2025-07-11,LPG Tanker,both,381249.0,2875379.958
2025-07-12,LPG Tanker,both,482226.0,3636948.492
2025-07-13,LPG Tanker,both,309343.0,2333064.906
2025-07-14,LPG Tanker,both,283335.0,2136912.57
2025-07-15,LPG Tanker,both,527539.0,3978699.138
2025-07-16,LPG Tanker,both,295219.0,2226541.698
2025-07-17,LPG Tanker,both,509258.0,3840823.836
2025-07-18,LPG Tanker,both,333239.0,2513288.5379999997
2025-07-19,LPG Tanker,both,242860.0,1831650.1199999999
2025-07-20,LPG Tanker,both,226905.0,1711317.51
2025-07-21,LPG Tanker,both,402836.0,3038189.1119999997
2025-07-22,LPG Tanker,both,372066.0,2806121.772
2025-07-23,LPG Tanker,both,293346.0,2212415.532
2025-07-24,LPG Tanker,both,220988.0,1666691.496
2025-07-25,LPG Tanker,both,358612.0,2704651.704
2025-07-26,LPG Tanker,both,387602.0,2923294.284
2025-07-27,LPG Tanker,both,236124.0,1780847.2079999999
2025-07-28,LPG Tanker,both,470868.0,3551286.456
2025-07-29,LPG Tanker,both,478760.0,3610807.92
2025-07-30,LPG Tanker,both,140133.0,1056883.086
2025-07-31,LPG Tanker,both,296429.0,2235667.518
2025-08-01,LPG Tanker,both,258463.0,1949327.946
2025-08-02,LPG Tanker,both,254525.0,1919627.55
2025-08-03,LPG Tanker,both,475000.0,3582450.0
2025-08-04,LPG Tanker,both,243642.0,1837547.964
2025-08-05,LPG Tanker,both,348756.0,2630317.752
2025-08-06,LPG Tanker,both,447261.0,3373242.462
2025-08-07,LPG Tanker,both,88784.0,669608.928
2025-08-08,LPG Tanker,both,249711.0,1883320.362
2025-08-09,LPG Tanker,both,558186.0,4209838.812
2025-08-10,LPG Tanker,both,393541.0,2968086.222
2025-08-11,LPG Tanker,both,199411.0,1503957.7619999999
2025-08-12,LPG Tanker,both,332552.0,2508107.184
2025-08-13,LPG Tanker,both,263187.0,1984956.354
2025-08-14,LPG Tanker,both,357210.0,2694077.82
2025-08-15,LPG Tanker,both,416542.0,3141559.764
2025-08-16,LPG Tanker,both,471993.0,3559771.206
2025-08-17,LPG Tanker,both,331938.0,2503476.3959999997
2025-08-18,LPG Tanker,both,411839.0,3106089.738
2025-08-19,LPG Tanker,both,306070.0,2308379.94
2025-08-20,LPG Tanker,both,321296.0,2423214.432
2025-08-21,LPG Tanker,both,335781.0,2532460.302
2025-08-22,LPG Tanker,both,358082.0,2700654.444
2025-08-23,LPG Tanker,both,250679.0,1890621.018
2025-08-24,LPG Tanker,both,368904.0,2782273.968
2025-08-25,LPG Tanker,both,583731.0,4402499.202
2025-08-26,LPG Tanker,both,309131.0,2331466.002
2025-08-27,LPG Tanker,both,319948.0,2413047.816
2025-08-28,LPG Tanker,both,392946.0,2963598.732
2025-08-29,LPG Tanker,both,226651.0,1709401.842
2025-08-30,LPG Tanker,both,301153.0,2271295.926
2025-08-31,LPG Tanker,both,228460.0,1723045.32
2025-09-01,LPG Tanker,both,285430.0,2152713.06
2025-09-02,LPG Tanker,both,272655.0,2056364.01
2025-09-03,LPG Tanker,both,252133.0,1901587.086
2025-09-04,LPG Tanker,both,497930.0,3755388.06
2025-09-05,LPG Tanker,both,449637.0,3391162.2539999997
2025-09-06,LPG Tanker,both,216208.0,1630640.736
2025-09-07,LPG Tanker,both,432681.0,3263280.102
2025-09-08,LPG Tanker,both,242767.0,1830948.714
2025-09-09,LPG Tanker,both,473917.0,3574282.014
2025-09-10,LPG Tanker,both,240569.0,1814371.398
2025-09-11,LPG Tanker,both,174155.0,1313477.01
2025-09-12,LPG Tanker,both,394331.0,2974044.402
2025-09-13,LPG Tanker,both,463341.0,3494517.8219999997
2025-09-14,LPG Tanker,both,336119.0,2535009.498
2025-09-15,LPG Tanker,both,470050.0,3545117.1
2025-09-16,LPG Tanker,both,365179.0,2754180.018
2025-09-17,LPG Tanker,both,426619.0,3217560.498
2025-09-18,LPG Tanker,both,272153.0,2052577.926
2025-09-19,LPG Tanker,both,401518.0,3028248.756
2025-09-20,LPG Tanker,both,404451.0,3050369.442
2025-09-21,LPG Tanker,both,461094.0,3477570.948
2025-09-22,LPG Tanker,both,414268.0,3124409.256
2025-09-23,LPG Tanker,both,515542.0,3888217.764
2025-09-24,LPG Tanker,both,356906.0,2691785.052
2025-09-25,LPG Tanker,both,296736.0,2237982.912
2025-09-26,LPG Tanker,both,328935.0,2480827.77
2025-09-27,LPG Tanker,both,509454.0,3842302.068
2025-09-28,LPG Tanker,both,310840.0,2344355.28
2025-09-29,LPG Tanker,both,445751.0,3361854.042
2025-09-30,LPG Tanker,both,321678.0,2426095.476
2025-10-01,LPG Tanker,both,233570.0,1761584.94
2025-10-02,LPG Tanker,both,348250.0,2626501.5
2025-10-03,LPG Tanker,both,256075.0,1931317.65
2025-10-04,LPG Tanker,both,781771.0,5896116.882
2025-10-05,LPG Tanker,both,92691.0,699075.522
2025-10-06,LPG Tanker,both,78865.0,594799.83
2025-10-07,LPG Tanker,both,146691.0,1106343.5219999999
2025-10-08,LPG Tanker,both,334522.0,2522964.924
2025-10-09,LPG Tanker,both,159064.0,1199660.688
2025-10-10,LPG Tanker,both,394926.0,2978531.892
2025-10-11,LPG Tanker,both,349270.0,2634194.34
2025-10-12,LPG Tanker,both,233547.0,1761411.474
2025-10-13,LPG Tanker,both,395730.0,2984595.66
2025-10-14,LPG Tanker,both,332571.0,2508250.482
2025-10-15,LPG Tanker,both,292835.0,2208561.57
2025-10-16,LPG Tanker,both,356526.0,2688919.0919999997
2025-10-17,LPG Tanker,both,276631.0,2086351.0019999999
2025-10-18,LPG Tanker,both,166872.0,1258548.624
2025-10-19,LPG Tanker,both,387460.0,2922223.32
2025-10-20,LPG Tanker,both,159366.0,1201938.372
2025-10-21,LPG Tanker,both,326252.0,2460592.584
2025-10-22,LPG Tanker,both,396651.0,2991541.8419999997
2025-10-23,LPG Tanker,both,282274.0,2128910.508
2025-10-24,LPG Tanker,both,466925.0,3521548.35
2025-10-25,LPG Tanker,both,359984.0,2714999.3279999997
2025-10-26,LPG Tanker,both,125201.0,944265.9419999999
2025-10-27,LPG Tanker,both,299352.0,2257712.784
2025-10-28,LPG Tanker,both,363309.0,2740076.478
2025-10-29,LPG Tanker,both,415280.0,3132041.76
2025-10-30,LPG Tanker,both,380264.0,2867951.088
2025-10-31,LPG Tanker,both,108594.0,819015.948
2025-11-01,LPG Tanker,both,336342.0,2536691.364
2025-11-02,LPG Tanker,both,418960.0,3159796.32
2025-11-03,LPG Tanker,both,308977.0,2330304.534
2025-11-04,LPG Tanker,both,381197.0,2874987.7739999997
2025-11-05,LPG Tanker,both,482124.0,3636179.208
2025-11-06,LPG Tanker,both,441274.0,3328088.508
2025-11-07,LPG Tanker,both,216388.0,1631998.2959999999
2025-11-08,LPG Tanker,both,473061.0,3567826.062
2025-11-09,LPG Tanker,both,343972.0,2594236.824
2025-11-10,LPG Tanker,both,301198.0,2271635.316
2025-11-11,LPG Tanker,both,305519.0,2304224.298
2025-11-12,LPG Tanker,both,284438.0,2145231.3959999997
2025-11-13,LPG Tanker,both,139498.0,1052093.916
2025-11-14,LPG Tanker,both,414407.0,3125457.594
2025-11-15,LPG Tanker,both,341040.0,2572123.68
2025-11-16,LPG Tanker,both,157765.0,1189863.63
2025-11-17,LPG Tanker,both,447293.0,3373483.806
2025-11-18,LPG Tanker,both,61130.0,461042.45999999996
2025-11-19,LPG Tanker,both,346720.0,2614962.2399999998
2025-11-20,LPG Tanker,both,445359.0,3358897.5779999997
2025-11-21,LPG Tanker,both,357794.0,2698482.3479999998
2025-11-22,LPG Tanker,both,197275.0,1487848.05
2025-11-23,LPG Tanker,both,556975.0,4200705.45
2025-11-24,LPG Tanker,both,370149.0,2791663.758
2025-11-25,LPG Tanker,both,204301.0,1540838.142
2025-11-26,LPG Tanker,both,257615.0,1942932.3299999998
2025-11-27,LPG Tanker,both,199271.0,1502901.882
2025-11-28,LPG Tanker,both,99731.0,752171.2019999999
2025-11-29,LPG Tanker,both,421779.0,3181057.218
2025-11-30,LPG Tanker,both,261379.0,1971320.418
2025-12-01,LPG Tanker,both,138489.0,1044484.038
2025-12-02,LPG Tanker,both,375365.0,2831002.83
2025-12-03,LPG Tanker,both,189407.0,1428507.594
2025-12-04,LPG Tanker,both,315476.0,2379319.992
2025-12-05,LPG Tanker,both,179348.0,1352642.616
2025-12-06,LPG Tanker,both,285594.0,2153949.948
2025-12-07,LPG Tanker,both,119627.0,902226.834
2025-12-08,LPG Tanker,both,230679.0,1739781.018
2025-12-09,LPG Tanker,both,371675.0,2803172.85
2025-12-10,LPG Tanker,both,199617.0,1505511.4139999999
2025-12-11,LPG Tanker,both,272322.0,2053852.524
2025-12-12,LPG Tanker,both,401065.0,3024832.23
2025-12-13,LPG Tanker,both,188208.0,1419464.736
2025-12-14,LPG Tanker,both,243886.0,1839388.212
2025-12-15,LPG Tanker,both,219251.0,1653591.042
2025-12-16,LPG Tanker,both,320634.0,2418221.628
2025-12-17,LPG Tanker,both,177526.0,1338901.092
2025-12-18,LPG Tanker,both,554085.0,4178909.07
2025-12-19,LPG Tanker,both,269767.0,2034582.714
2025-12-20,LPG Tanker,both,253414.0,1911248.388
2025-12-21,LPG Tanker,both,234528.0,1768810.176
2025-12-22,LPG Tanker,both,327135.0,2467252.17
2025-12-23,LPG Tanker,both,383659.0,2893556.178
2025-12-24,LPG Tanker,both,295100.0,2225644.1999999997
2025-12-25,LPG Tanker,both,309038.0,2330764.596
2025-12-26,LPG Tanker,both,188204.0,1419434.568
2025-12-27,LPG Tanker,both,448124.0,3379751.208
2025-12-28,LPG Tanker,both,80994.0,610856.748
2025-12-29,LPG Tanker,both,217036.0,1636885.5119999999
2025-12-30,LPG Tanker,both,150872.0,1137876.624
2025-12-31,LPG Tanker,both,161219.0,1215913.6979999999
2026-01-01,LPG Tanker,both,526721.0,3972529.782
2026-01-02,LPG Tanker,both,259568.0,1957661.856
2026-01-03,LPG Tanker,both,354513.0,2673737.046
2026-01-04,LPG Tanker,both,578214.0,4360889.988
2026-01-05,LPG Tanker,both,320386.0,2416351.212
2026-01-06,LPG Tanker,both,305088.0,2300973.696
2026-01-07,LPG Tanker,both,234412.0,1767935.304
2026-01-08,LPG Tanker,both,166699.0,1257243.858
2026-01-09,LPG Tanker,both,424798.0,3203826.516
2026-01-10,LPG Tanker,both,212628.0,1603640.376
2026-01-11,LPG Tanker,both,303473.0,2288793.366
2026-01-12,LPG Tanker,both,350035.0,2639963.9699999997
2026-01-13,LPG Tanker,both,220791.0,1665205.722
2026-01-14,LPG Tanker,both,409405.0,3087732.51
2026-01-15,LPG Tanker,both,398868.0,3008262.456
2026-01-16,LPG Tanker,both,163491.0,1233049.122
2026-01-17,LPG Tanker,both,258250.0,1947721.5
2026-01-18,LPG Tanker,both,284146.0,2143029.1319999998
2026-01-19,LPG Tanker,both,88832.0,669970.944
2026-01-20,LPG Tanker,both,252531.0,1904588.802
2026-01-21,LPG Tanker,both,292074.0,2202822.108
2026-01-22,LPG Tanker,both,211738.0,1596927.996
2026-01-23,LPG Tanker,both,104779.0,790243.218
2026-01-24,LPG Tanker,both,458711.0,3459598.3619999997
2026-01-25,LPG Tanker,both,342346.0,2581973.532
2026-01-26,LPG Tanker,both,158326.0,1194094.692
2026-01-27,LPG Tanker,both,212204.0,1600442.568
2026-01-28,LPG Tanker,both,291836.0,2201027.1119999997
2026-01-29,LPG Tanker,both,470322.0,3547168.5239999997
2026-01-30,LPG Tanker,both,333857.0,2517949.494
2026-01-31,LPG Tanker,both,541894.0,4086964.548
2026-02-01,LPG Tanker,both,143870.0,1085067.54
2026-02-02,LPG Tanker,both,339153.0,2557891.926
2026-02-03,LPG Tanker,both,464145.0,3500581.59
2026-02-04,LPG Tanker,both,458003.0,3454258.6259999997
2026-02-05,LPG Tanker,both,377021.0,2843492.3819999998
2026-02-06,LPG Tanker,both,218436.0,1647444.312
2026-02-07,LPG Tanker,both,332290.0,2506131.18
2026-02-08,LPG Tanker,both,330256.0,2490790.752
2026-02-09,LPG Tanker,both,228532.0,1723588.344
2026-02-10,LPG Tanker,both,273620.0,2063642.04
2026-02-11,LPG Tanker,both,492593.0,3715136.406
2026-02-12,LPG Tanker,both,269294.0,2031015.348
2026-02-13,LPG Tanker,both,298444.0,2250864.648
2026-02-14,LPG Tanker,both,364432.0,2748546.144
2026-02-15,LPG Tanker,both,336921.0,2541058.182
2026-02-16,LPG Tanker,both,494116.0,3726622.872
2026-02-17,LPG Tanker,both,301136.0,2271167.712
2026-02-18,LPG Tanker,both,335199.0,2528070.858
2026-02-19,LPG Tanker,both,133404.0,1006132.968
2026-02-20,LPG Tanker,both,408170.0,3078418.14
2026-02-21,LPG Tanker,both,349931.0,2639179.602
2026-02-22,LPG Tanker,both,322807.0,2434610.394
2026-02-23,LPG Tanker,both,270754.0,2042026.668
2026-02-24,LPG Tanker,both,429929.0,3242524.5179999997
2026-02-25,LPG Tanker,both,198271.0,1495359.882
2026-02-26,LPG Tanker,both,471065.0,3552772.23
2026-02-27,LPG Tanker,both,318977.0,2405724.534
2026-02-28,LPG Tanker,both,196623.0,1482930.666
2026-03-01,LPG Tanker,both,63919.0,482077.098
2026-03-02,LPG Tanker,both,0.0,0.0
2026-03-03,LPG Tanker,both,100714.0,759584.988
2026-03-04,LPG Tanker,both,0.0,0.0
2026-03-05,LPG Tanker,both,0.0,0.0
2026-03-06,LPG Tanker,both,56824.0,428566.608
2026-03-07,LPG Tanker,both,49849.0,375961.158
2026-03-08,LPG Tanker,both,0.0,0.0
2026-03-09,LPG Tanker,both,0.0,0.0
2026-03-10,LPG Tanker,both,49242.0,371383.164
2026-03-11,LPG Tanker,both,0.0,0.0
2026-03-12,LPG Tanker,both,0.0,0.0
2026-03-13,LPG Tanker,both,54534.0,411295.428
2026-03-14,LPG Tanker,both,0.0,0.0
2026-03-15,LPG Tanker,both,49849.0,375961.158
2026-03-16,LPG Tanker,both,0.0,0.0
2026-03-17,LPG Tanker,both,49679.0,374679.018
2026-03-18,LPG Tanker,both,49301.0,371828.142
2026-03-19,LPG Tanker,both,0.0,0.0
2026-03-20,LPG Tanker,both,0.0,0.0
2026-03-21,LPG Tanker,both,0.0,0.0
2026-03-22,LPG Tanker,both,0.0,0.0
2026-03-23,LPG Tanker,both,113063.0,852721.146
2026-03-24,LPG Tanker,both,23503.0,177259.626
2026-03-25,LPG Tanker,both,0.0,0.0
2026-03-26,LPG Tanker,both,99300.0,748920.6
2026-03-27,LPG Tanker,both,0.0,0.0
2026-03-28,LPG Tanker,both,134479.0,1014240.618
2026-03-29,LPG Tanker,both,0.0,0.0
2026-03-30,LPG Tanker,both,23292.0,175668.264
2026-03-31,LPG Tanker,both,0.0,0.0
2026-04-01,LPG Tanker,both,50357.0,379792.494
2026-04-02,LPG Tanker,both,55632.0,419576.544
2026-04-03,LPG Tanker,both,154674.0,1166551.308
2026-04-04,LPG Tanker,both,29121.0,219630.582
2026-04-05,LPG Tanker,both,26424.0,199289.808
2026-04-06,LPG Tanker,both,23292.0,175668.264
2026-04-07,LPG Tanker,both,169403.0,1277637.426
2026-04-08,LPG Tanker,both,0.0,0.0
2026-04-09,LPG Tanker,both,0.0,0.0
2026-04-10,LPG Tanker,both,0.0,0.0
2026-04-11,LPG Tanker,both,105441.0,795236.022
2026-04-12,LPG Tanker,both,85114.0,641929.788
2026-04-13,LPG Tanker,both,54975.0,414621.45
2026-04-14,LPG Tanker,both,5996.0,45221.832
2026-04-15,LPG Tanker,both,7237.0,54581.454
2026-04-16,LPG Tanker,both,0.0,0.0
2026-04-17,LPG Tanker,both,57206.0,431447.652
2026-04-18,LPG Tanker,both,234504.0,1768629.168
2026-04-19,LPG Tanker,both,7237.0,54581.454
2026-04-20,LPG Tanker,both,99870.0,753219.54
2026-04-21,LPG Tanker,both,0.0,0.0
2026-04-22,LPG Tanker,both,29121.0,219630.582
2026-04-23,LPG Tanker,both,0.0,0.0
2026-04-24,LPG Tanker,both,23256.0,175396.752
2026-04-25,LPG Tanker,both,5996.0,45221.832
2026-04-26,LPG Tanker,both,0.0,0.0
2026-04-27,LPG Tanker,both,49874.0,376149.708
2026-04-28,LPG Tanker,both,3000.0,22626.0
2026-04-29,LPG Tanker,both,0.0,0.0
2026-04-30,LPG Tanker,both,0.0,0.0
2026-05-01,LPG Tanker,both,0.0,0.0
2026-05-02,LPG Tanker,both,107992.0,814475.664
2026-05-03,LPG Tanker,both,7246.0,54649.332
2026-05-04,LPG Tanker,both,23257.0,175404.294
2026-05-05,LPG Tanker,both,0.0,0.0
2026-05-06,LPG Tanker,both,0.0,0.0
2026-05-07,LPG Tanker,both,0.0,0.0
2026-05-08,LPG Tanker,both,0.0,0.0
2026-05-09,LPG Tanker,both,0.0,0.0
2026-05-10,LPG Tanker,both,0.0,0.0
2026-05-11,LPG Tanker,both,53208.0,401294.736
2026-05-12,LPG Tanker,both,49996.0,377069.832
2026-05-13,LPG Tanker,both,56906.0,429185.05199999997
2026-05-14,LPG Tanker,both,62212.0,469202.904
2026-05-15,LPG Tanker,both,18111.0,136593.162
2026-05-16,LPG Tanker,both,54533.0,411287.886
2026-05-17,LPG Tanker,both,2858.0,21555.036
2026-05-18,LPG Tanker,both,0.0,0.0
2026-05-19,LPG Tanker,both,0.0,0.0
2026-05-20,LPG Tanker,both,0.0,0.0
2026-05-21,LPG Tanker,both,0.0,0.0
2026-05-22,LPG Tanker,both,0.0,0.0
2026-05-23,LPG Tanker,both,0.0,0.0
2026-05-24,LPG Tanker,both,0.0,0.0
2026-05-25,LPG Tanker,both,0.0,0.0
2026-05-26,LPG Tanker,both,0.0,0.0
2025-05-28,LPG Tanker,east_west,284064.0,2142410.688
2025-05-29,LPG Tanker,east_west,142436.0,1074252.312
2025-05-30,LPG Tanker,east_west,311700.0,2350841.4
2025-05-31,LPG Tanker,east_west,109451.0,825479.4419999999
2025-06-01,LPG Tanker,east_west,242740.0,1830745.0799999998
2025-06-02,LPG Tanker,east_west,186643.0,1407661.506
2025-06-03,LPG Tanker,east_west,104896.0,791125.632
2025-06-04,LPG Tanker,east_west,131879.0,994631.418
2025-06-05,LPG Tanker,east_west,419712.0,3165467.904
2025-06-06,LPG Tanker,east_west,67578.0,509673.276
2025-06-07,LPG Tanker,east_west,201888.0,1522639.2959999999
2025-06-08,LPG Tanker,east_west,0.0,0.0
2025-06-09,LPG Tanker,east_west,331340.0,2498966.28
2025-06-10,LPG Tanker,east_west,145467.0,1097112.114
2025-06-11,LPG Tanker,east_west,58757.0,443145.294
2025-06-12,LPG Tanker,east_west,189329.0,1427919.318
2025-06-13,LPG Tanker,east_west,202480.0,1527104.16
2025-06-14,LPG Tanker,east_west,313370.0,2363436.54
2025-06-15,LPG Tanker,east_west,292855.0,2208712.41
2025-06-16,LPG Tanker,east_west,140400.0,1058896.8
2025-06-17,LPG Tanker,east_west,29649.0,223612.758
2025-06-18,LPG Tanker,east_west,179957.0,1357235.694
2025-06-19,LPG Tanker,east_west,123527.0,931640.634
2025-06-20,LPG Tanker,east_west,132706.0,1000868.652
2025-06-21,LPG Tanker,east_west,190746.0,1438606.332
2025-06-22,LPG Tanker,east_west,170773.0,1287969.966
2025-06-23,LPG Tanker,east_west,26634.0,200873.628
2025-06-24,LPG Tanker,east_west,194033.0,1463396.886
2025-06-25,LPG Tanker,east_west,166843.0,1258329.906
2025-06-26,LPG Tanker,east_west,158580.0,1196010.3599999999
2025-06-27,LPG Tanker,east_west,220254.0,1661155.668
2025-06-28,LPG Tanker,east_west,8545.0,64446.39
2025-06-29,LPG Tanker,east_west,285995.0,2156974.29
2025-06-30,LPG Tanker,east_west,123860.0,934152.12
2025-07-01,LPG Tanker,east_west,43320.0,326719.44
2025-07-02,LPG Tanker,east_west,248687.0,1875597.354
2025-07-03,LPG Tanker,east_west,360684.0,2720278.728
2025-07-04,LPG Tanker,east_west,142728.0,1076454.576
2025-07-05,LPG Tanker,east_west,56927.0,429343.434
2025-07-06,LPG Tanker,east_west,166670.0,1257025.14
2025-07-07,LPG Tanker,east_west,324098.0,2444347.116
2025-07-08,LPG Tanker,east_west,152082.0,1147002.444
2025-07-09,LPG Tanker,east_west,162233.0,1223561.286
2025-07-10,LPG Tanker,east_west,83426.0,629198.892
2025-07-11,LPG Tanker,east_west,168639.0,1271875.338
2025-07-12,LPG Tanker,east_west,353937.0,2669392.854
2025-07-13,LPG Tanker,east_west,173456.0,1308205.152
2025-07-14,LPG Tanker,east_west,111575.0,841498.65
2025-07-15,LPG Tanker,east_west,131318.0,990400.356
2025-07-16,LPG Tanker,east_west,141969.0,1070730.1979999999
2025-07-17,LPG Tanker,east_west,283036.0,2134657.512
2025-07-18,LPG Tanker,east_west,216650.0,1633974.3
2025-07-19,LPG Tanker,east_west,102972.0,776614.824
2025-07-20,LPG Tanker,east_west,70873.0,534524.166
2025-07-21,LPG Tanker,east_west,252873.0,1907168.166
2025-07-22,LPG Tanker,east_west,163458.0,1232800.236
2025-07-23,LPG Tanker,east_west,131689.0,993198.438
2025-07-24,LPG Tanker,east_west,139107.0,1049144.994
2025-07-25,LPG Tanker,east_west,188494.0,1421621.748
2025-07-26,LPG Tanker,east_west,159255.0,1201101.21
2025-07-27,LPG Tanker,east_west,99740.0,752239.08
2025-07-28,LPG Tanker,east_west,199210.0,1502441.82
2025-07-29,LPG Tanker,east_west,271290.0,2046069.18
2025-07-30,LPG Tanker,east_west,140133.0,1056883.086
2025-07-31,LPG Tanker,east_west,232383.0,1752632.586
2025-08-01,LPG Tanker,east_west,81247.0,612764.874
2025-08-02,LPG Tanker,east_west,60139.0,453568.338
2025-08-03,LPG Tanker,east_west,181704.0,1370411.568
2025-08-04,LPG Tanker,east_west,178877.0,1349090.334
2025-08-05,LPG Tanker,east_west,205750.0,1551766.5
2025-08-06,LPG Tanker,east_west,301014.0,2270247.588
2025-08-07,LPG Tanker,east_west,34294.0,258645.348
2025-08-08,LPG Tanker,east_west,223177.0,1683200.934
2025-08-09,LPG Tanker,east_west,114531.0,863792.802
2025-08-10,LPG Tanker,east_west,271522.0,2047818.9239999999
2025-08-11,LPG Tanker,east_west,80278.0,605456.676
2025-08-12,LPG Tanker,east_west,180185.0,1358955.27
2025-08-13,LPG Tanker,east_west,88155.0,664865.01
2025-08-14,LPG Tanker,east_west,140202.0,1057403.484
2025-08-15,LPG Tanker,east_west,225593.0,1701422.406
2025-08-16,LPG Tanker,east_west,288182.0,2173468.644
2025-08-17,LPG Tanker,east_west,195304.0,1472982.768
2025-08-18,LPG Tanker,east_west,161844.0,1220627.4479999999
2025-08-19,LPG Tanker,east_west,68207.0,514417.19399999996
2025-08-20,LPG Tanker,east_west,113018.0,852381.7559999999
2025-08-21,LPG Tanker,east_west,226744.0,1710103.248
2025-08-22,LPG Tanker,east_west,188136.0,1418921.712
2025-08-23,LPG Tanker,east_west,168737.0,1272614.454
2025-08-24,LPG Tanker,east_west,204604.0,1543123.368
2025-08-25,LPG Tanker,east_west,389045.0,2934177.39
2025-08-26,LPG Tanker,east_west,109110.0,822907.62
2025-08-27,LPG Tanker,east_west,227662.0,1717026.804
2025-08-28,LPG Tanker,east_west,83752.0,631657.584
2025-08-29,LPG Tanker,east_west,99701.0,751944.942
2025-08-30,LPG Tanker,east_west,104489.0,788056.038
2025-08-31,LPG Tanker,east_west,148735.0,1121759.3699999999
2025-09-01,LPG Tanker,east_west,201623.0,1520640.666
2025-09-02,LPG Tanker,east_west,99354.0,749327.868
2025-09-03,LPG Tanker,east_west,143071.0,1079041.482
2025-09-04,LPG Tanker,east_west,296511.0,2236285.962
2025-09-05,LPG Tanker,east_west,163144.0,1230432.048
2025-09-06,LPG Tanker,east_west,134584.0,1015032.5279999999
2025-09-07,LPG Tanker,east_west,201970.0,1523257.74
2025-09-08,LPG Tanker,east_west,168773.0,1272885.966
2025-09-09,LPG Tanker,east_west,91677.0,691427.934
2025-09-10,LPG Tanker,east_west,115145.0,868423.59
2025-09-11,LPG Tanker,east_west,49999.0,377092.458
2025-09-12,LPG Tanker,east_west,296853.0,2238865.326
2025-09-13,LPG Tanker,east_west,218944.0,1651275.648
2025-09-14,LPG Tanker,east_west,169914.0,1281491.388
2025-09-15,LPG Tanker,east_west,321532.0,2424994.344
2025-09-16,LPG Tanker,east_west,136397.0,1028706.174
2025-09-17,LPG Tanker,east_west,234889.0,1771532.838
2025-09-18,LPG Tanker,east_west,58136.0,438461.712
2025-09-19,LPG Tanker,east_west,247186.0,1864276.812
2025-09-20,LPG Tanker,east_west,295588.0,2229324.696
2025-09-21,LPG Tanker,east_west,155676.0,1174108.392
2025-09-22,LPG Tanker,east_west,251408.0,1896119.136
2025-09-23,LPG Tanker,east_west,310816.0,2344174.272
2025-09-24,LPG Tanker,east_west,225431.0,1700200.602
2025-09-25,LPG Tanker,east_west,108919.0,821467.098
2025-09-26,LPG Tanker,east_west,221379.0,1669640.418
2025-09-27,LPG Tanker,east_west,203611.0,1535634.162
2025-09-28,LPG Tanker,east_west,140310.0,1058218.02
2025-09-29,LPG Tanker,east_west,229246.0,1728973.332
2025-09-30,LPG Tanker,east_west,152164.0,1147620.888
2025-10-01,LPG Tanker,east_west,183952.0,1387365.984
2025-10-02,LPG Tanker,east_west,33907.0,255726.59399999998
2025-10-03,LPG Tanker,east_west,139436.0,1051626.312
2025-10-04,LPG Tanker,east_west,443640.0,3345932.88
2025-10-05,LPG Tanker,east_west,0.0,0.0
2025-10-06,LPG Tanker,east_west,0.0,0.0
2025-10-07,LPG Tanker,east_west,135438.0,1021473.396
2025-10-08,LPG Tanker,east_west,26577.0,200443.734
2025-10-09,LPG Tanker,east_west,58981.0,444834.702
2025-10-10,LPG Tanker,east_west,154374.0,1164288.7079999999
2025-10-11,LPG Tanker,east_west,173655.0,1309706.01
2025-10-12,LPG Tanker,east_west,122350.0,922763.7
2025-10-13,LPG Tanker,east_west,395730.0,2984595.66
2025-10-14,LPG Tanker,east_west,201530.0,1519939.26
2025-10-15,LPG Tanker,east_west,251431.0,1896292.602
2025-10-16,LPG Tanker,east_west,0.0,0.0
2025-10-17,LPG Tanker,east_west,82193.0,619899.606
2025-10-18,LPG Tanker,east_west,30942.0,233364.56399999998
2025-10-19,LPG Tanker,east_west,221786.0,1672710.0119999999
2025-10-20,LPG Tanker,east_west,42854.0,323204.868
2025-10-21,LPG Tanker,east_west,242496.0,1828904.832
2025-10-22,LPG Tanker,east_west,311046.0,2345908.932
2025-10-23,LPG Tanker,east_west,95198.0,717983.316
2025-10-24,LPG Tanker,east_west,184714.0,1393112.988
2025-10-25,LPG Tanker,east_west,222345.0,1676925.99
2025-10-26,LPG Tanker,east_west,65850.0,496640.7
2025-10-27,LPG Tanker,east_west,264230.0,1992822.66
2025-10-28,LPG Tanker,east_west,93826.0,707635.692
2025-10-29,LPG Tanker,east_west,249359.0,1880665.578
2025-10-30,LPG Tanker,east_west,152437.0,1149679.854
2025-10-31,LPG Tanker,east_west,54116.0,408142.872
2025-11-01,LPG Tanker,east_west,212821.0,1605095.982
2025-11-02,LPG Tanker,east_west,221831.0,1673049.402
2025-11-03,LPG Tanker,east_west,308977.0,2330304.534
2025-11-04,LPG Tanker,east_west,250103.0,1886276.826
2025-11-05,LPG Tanker,east_west,233517.0,1761185.214
2025-11-06,LPG Tanker,east_west,195062.0,1471157.604
2025-11-07,LPG Tanker,east_west,68611.0,517464.162
2025-11-08,LPG Tanker,east_west,148354.0,1118885.868
2025-11-09,LPG Tanker,east_west,90473.0,682347.366
2025-11-10,LPG Tanker,east_west,285123.0,2150397.6659999997
2025-11-11,LPG Tanker,east_west,209273.0,1578336.966
2025-11-12,LPG Tanker,east_west,75842.0,572000.364
2025-11-13,LPG Tanker,east_west,81354.0,613571.868
2025-11-14,LPG Tanker,east_west,131933.0,995038.686
2025-11-15,LPG Tanker,east_west,9591.0,72335.322
2025-11-16,LPG Tanker,east_west,76285.0,575341.47
2025-11-17,LPG Tanker,east_west,246862.0,1861833.204
2025-11-18,LPG Tanker,east_west,53028.0,399937.176
2025-11-19,LPG Tanker,east_west,204506.0,1542384.2519999999
2025-11-20,LPG Tanker,east_west,197798.0,1491792.516
2025-11-21,LPG Tanker,east_west,212255.0,1600827.21
2025-11-22,LPG Tanker,east_west,117820.0,888598.44
2025-11-23,LPG Tanker,east_west,252908.0,1907432.136
2025-11-24,LPG Tanker,east_west,218375.0,1646984.25
2025-11-25,LPG Tanker,east_west,84938.0,640602.396
2025-11-26,LPG Tanker,east_west,163651.0,1234255.842
2025-11-27,LPG Tanker,east_west,86794.0,654600.348
2025-11-28,LPG Tanker,east_west,5996.0,45221.832
2025-11-29,LPG Tanker,east_west,191611.0,1445130.162
2025-11-30,LPG Tanker,east_west,31448.0,237180.816
2025-12-01,LPG Tanker,east_west,34255.0,258351.21
2025-12-02,LPG Tanker,east_west,186463.0,1406303.946
2025-12-03,LPG Tanker,east_west,28447.0,214547.274
2025-12-04,LPG Tanker,east_west,189549.0,1429578.558
2025-12-05,LPG Tanker,east_west,123251.0,929559.042
2025-12-06,LPG Tanker,east_west,121724.0,918042.4079999999
2025-12-07,LPG Tanker,east_west,39290.0,296325.18
2025-12-08,LPG Tanker,east_west,124263.0,937191.546
2025-12-09,LPG Tanker,east_west,174315.0,1314683.73
2025-12-10,LPG Tanker,east_west,67329.0,507795.31799999997
2025-12-11,LPG Tanker,east_west,100871.0,760769.0819999999
2025-12-12,LPG Tanker,east_west,207245.0,1563041.79
2025-12-13,LPG Tanker,east_west,161592.0,1218726.864
2025-12-14,LPG Tanker,east_west,189385.0,1428341.67
2025-12-15,LPG Tanker,east_west,153285.0,1156075.47
2025-12-16,LPG Tanker,east_west,131053.0,988401.726
2025-12-17,LPG Tanker,east_west,58690.0,442639.98
2025-12-18,LPG Tanker,east_west,229280.0,1729229.76
2025-12-19,LPG Tanker,east_west,161936.0,1221321.312
2025-12-20,LPG Tanker,east_west,235304.0,1774662.768
2025-12-21,LPG Tanker,east_west,125715.0,948142.53
2025-12-22,LPG Tanker,east_west,165312.0,1246783.104
2025-12-23,LPG Tanker,east_west,194387.0,1466066.754
2025-12-24,LPG Tanker,east_west,110523.0,833564.466
2025-12-25,LPG Tanker,east_west,173065.0,1305256.23
2025-12-26,LPG Tanker,east_west,108029.0,814754.718
2025-12-27,LPG Tanker,east_west,190376.0,1435815.792
2025-12-28,LPG Tanker,east_west,54633.0,412042.086
2025-12-29,LPG Tanker,east_west,104655.0,789308.01
2025-12-30,LPG Tanker,east_west,77709.0,586081.2779999999
2025-12-31,LPG Tanker,east_west,103995.0,784330.29
2026-01-01,LPG Tanker,east_west,442026.0,3333760.0919999997
2026-01-02,LPG Tanker,east_west,225466.0,1700464.572
2026-01-03,LPG Tanker,east_west,245703.0,1853092.026
2026-01-04,LPG Tanker,east_west,169328.0,1277071.776
2026-01-05,LPG Tanker,east_west,130966.0,987745.5719999999
2026-01-06,LPG Tanker,east_west,140488.0,1059560.496
2026-01-07,LPG Tanker,east_west,76926.0,580175.892
2026-01-08,LPG Tanker,east_west,108135.0,815554.1699999999
2026-01-09,LPG Tanker,east_west,117500.0,886185.0
2026-01-10,LPG Tanker,east_west,108230.0,816270.66
2026-01-11,LPG Tanker,east_west,50966.0,384385.572
2026-01-12,LPG Tanker,east_west,117446.0,885777.732
2026-01-13,LPG Tanker,east_west,109323.0,824514.066
2026-01-14,LPG Tanker,east_west,291843.0,2201079.906
2026-01-15,LPG Tanker,east_west,168611.0,1271664.162
2026-01-16,LPG Tanker,east_west,108744.0,820147.248
2026-01-17,LPG Tanker,east_west,195062.0,1471157.604
2026-01-18,LPG Tanker,east_west,186817.0,1408973.814
2026-01-19,LPG Tanker,east_west,8556.0,64529.352
2026-01-20,LPG Tanker,east_west,109675.0,827168.85
2026-01-21,LPG Tanker,east_west,133806.0,1009164.852
2026-01-22,LPG Tanker,east_west,95862.0,722991.204
2026-01-23,LPG Tanker,east_west,49723.0,375010.866
2026-01-24,LPG Tanker,east_west,376095.0,2836508.4899999998
2026-01-25,LPG Tanker,east_west,170308.0,1284462.936
2026-01-26,LPG Tanker,east_west,158326.0,1194094.692
2026-01-27,LPG Tanker,east_west,103200.0,778334.4
2026-01-28,LPG Tanker,east_west,136638.0,1030523.796
2026-01-29,LPG Tanker,east_west,211076.0,1591935.192
2026-01-30,LPG Tanker,east_west,135980.0,1025561.16
2026-01-31,LPG Tanker,east_west,277319.0,2091539.898
2026-02-01,LPG Tanker,east_west,58635.0,442225.17
2026-02-02,LPG Tanker,east_west,116518.0,878778.7559999999
2026-02-03,LPG Tanker,east_west,292775.0,2208109.05
2026-02-04,LPG Tanker,east_west,264860.0,1997574.1199999999
2026-02-05,LPG Tanker,east_west,108587.0,818963.154
2026-02-06,LPG Tanker,east_west,73135.0,551584.17
2026-02-07,LPG Tanker,east_west,103927.0,783817.434
2026-02-08,LPG Tanker,east_west,104887.0,791057.754
2026-02-09,LPG Tanker,east_west,62039.0,467898.138
2026-02-10,LPG Tanker,east_west,217611.0,1641222.162
2026-02-11,LPG Tanker,east_west,352359.0,2657491.5779999997
2026-02-12,LPG Tanker,east_west,108936.0,821595.312
2026-02-13,LPG Tanker,east_west,133586.0,1007505.612
2026-02-14,LPG Tanker,east_west,284140.0,2142983.88
2026-02-15,LPG Tanker,east_west,126020.0,950442.84
2026-02-16,LPG Tanker,east_west,199916.0,1507766.472
2026-02-17,LPG Tanker,east_west,219468.0,1655227.656
2026-02-18,LPG Tanker,east_west,197178.0,1487116.476
2026-02-19,LPG Tanker,east_west,78313.0,590636.646
2026-02-20,LPG Tanker,east_west,196720.0,1483662.24
2026-02-21,LPG Tanker,east_west,137164.0,1034490.8879999999
2026-02-22,LPG Tanker,east_west,14541.0,109668.222
2026-02-23,LPG Tanker,east_west,113003.0,852268.6259999999
2026-02-24,LPG Tanker,east_west,235782.0,1778267.844
2026-02-25,LPG Tanker,east_west,170167.0,1283399.514
2026-02-26,LPG Tanker,east_west,280639.0,2116579.338
2026-02-27,LPG Tanker,east_west,258344.0,1948430.4479999999
2026-02-28,LPG Tanker,east_west,80728.0,608850.576
2026-03-01,LPG Tanker,east_west,9052.0,68270.184
2026-03-02,LPG Tanker,east_west,0.0,0.0
2026-03-03,LPG Tanker,east_west,50357.0,379792.494
2026-03-04,LPG Tanker,east_west,0.0,0.0
2026-03-05,LPG Tanker,east_west,0.0,0.0
2026-03-06,LPG Tanker,east_west,0.0,0.0
2026-03-07,LPG Tanker,east_west,49849.0,375961.158
2026-03-08,LPG Tanker,east_west,0.0,0.0
2026-03-09,LPG Tanker,east_west,0.0,0.0
2026-03-10,LPG Tanker,east_west,0.0,0.0
2026-03-11,LPG Tanker,east_west,0.0,0.0
2026-03-12,LPG Tanker,east_west,0.0,0.0
2026-03-13,LPG Tanker,east_west,0.0,0.0
2026-03-14,LPG Tanker,east_west,0.0,0.0
2026-03-15,LPG Tanker,east_west,0.0,0.0
2026-03-16,LPG Tanker,east_west,0.0,0.0
2026-03-17,LPG Tanker,east_west,0.0,0.0
2026-03-18,LPG Tanker,east_west,49301.0,371828.142
2026-03-19,LPG Tanker,east_west,0.0,0.0
2026-03-20,LPG Tanker,east_west,0.0,0.0
2026-03-21,LPG Tanker,east_west,0.0,0.0
2026-03-22,LPG Tanker,east_west,0.0,0.0
2026-03-23,LPG Tanker,east_west,0.0,0.0
2026-03-24,LPG Tanker,east_west,0.0,0.0
2026-03-25,LPG Tanker,east_west,0.0,0.0
2026-03-26,LPG Tanker,east_west,0.0,0.0
2026-03-27,LPG Tanker,east_west,0.0,0.0
2026-03-28,LPG Tanker,east_west,17779.0,134089.218
2026-03-29,LPG Tanker,east_west,0.0,0.0
2026-03-30,LPG Tanker,east_west,23292.0,175668.264
2026-03-31,LPG Tanker,east_west,0.0,0.0
2026-04-01,LPG Tanker,east_west,50357.0,379792.494
2026-04-02,LPG Tanker,east_west,55632.0,419576.544
2026-04-03,LPG Tanker,east_west,23256.0,175396.752
2026-04-04,LPG Tanker,east_west,29121.0,219630.582
2026-04-05,LPG Tanker,east_west,0.0,0.0
2026-04-06,LPG Tanker,east_west,0.0,0.0
2026-04-07,LPG Tanker,east_west,0.0,0.0
2026-04-08,LPG Tanker,east_west,0.0,0.0
2026-04-09,LPG Tanker,east_west,0.0,0.0
2026-04-10,LPG Tanker,east_west,0.0,0.0
2026-04-11,LPG Tanker,east_west,49743.0,375161.706
2026-04-12,LPG Tanker,east_west,85114.0,641929.788
2026-04-13,LPG Tanker,east_west,54975.0,414621.45
2026-04-14,LPG Tanker,east_west,5996.0,45221.832
2026-04-15,LPG Tanker,east_west,7237.0,54581.454
2026-04-16,LPG Tanker,east_west,0.0,0.0
2026-04-17,LPG Tanker,east_west,57206.0,431447.652
2026-04-18,LPG Tanker,east_west,70581.0,532321.902
2026-04-19,LPG Tanker,east_west,0.0,0.0
2026-04-20,LPG Tanker,east_west,49874.0,376149.708
2026-04-21,LPG Tanker,east_west,0.0,0.0
2026-04-22,LPG Tanker,east_west,0.0,0.0
2026-04-23,LPG Tanker,east_west,0.0,0.0
2026-04-24,LPG Tanker,east_west,0.0,0.0
2026-04-25,LPG Tanker,east_west,0.0,0.0
2026-04-26,LPG Tanker,east_west,0.0,0.0
2026-04-27,LPG Tanker,east_west,0.0,0.0
2026-04-28,LPG Tanker,east_west,0.0,0.0
2026-04-29,LPG Tanker,east_west,0.0,0.0
2026-04-30,LPG Tanker,east_west,0.0,0.0
2026-05-01,LPG Tanker,east_west,0.0,0.0
2026-05-02,LPG Tanker,east_west,53208.0,401294.736
2026-05-03,LPG Tanker,east_west,7246.0,54649.332
2026-05-04,LPG Tanker,east_west,0.0,0.0
2026-05-05,LPG Tanker,east_west,0.0,0.0
2026-05-06,LPG Tanker,east_west,0.0,0.0
2026-05-07,LPG Tanker,east_west,0.0,0.0
2026-05-08,LPG Tanker,east_west,0.0,0.0
2026-05-09,LPG Tanker,east_west,0.0,0.0
2026-05-10,LPG Tanker,east_west,0.0,0.0
2026-05-11,LPG Tanker,east_west,0.0,0.0
2026-05-12,LPG Tanker,east_west,0.0,0.0
2026-05-13,LPG Tanker,east_west,0.0,0.0
2026-05-14,LPG Tanker,east_west,7237.0,54581.454
2026-05-15,LPG Tanker,east_west,0.0,0.0
2026-05-16,LPG Tanker,east_west,54533.0,411287.886
2026-05-17,LPG Tanker,east_west,0.0,0.0
2026-05-18,LPG Tanker,east_west,0.0,0.0
2026-05-19,LPG Tanker,east_west,0.0,0.0
2026-05-20,LPG Tanker,east_west,0.0,0.0
2026-05-21,LPG Tanker,east_west,0.0,0.0
2026-05-22,LPG Tanker,east_west,0.0,0.0
2026-05-23,LPG Tanker,east_west,0.0,0.0
2026-05-24,LPG Tanker,east_west,0.0,0.0
2026-05-25,LPG Tanker,east_west,0.0,0.0
2026-05-26,LPG Tanker,east_west,0.0,0.0
2025-05-28,LPG Tanker,west_east,230379.0,1737518.418
2025-05-29,LPG Tanker,west_east,121523.0,916526.466
2025-05-30,LPG Tanker,west_east,321545.0,2425092.39
2025-05-31,LPG Tanker,west_east,150300.0,1133562.5999999999
2025-06-01,LPG Tanker,west_east,136273.0,1027770.966
2025-06-02,LPG Tanker,west_east,123003.0,927688.6259999999
2025-06-03,LPG Tanker,west_east,231501.0,1745980.542
2025-06-04,LPG Tanker,west_east,203834.0,1537316.028
2025-06-05,LPG Tanker,west_east,108525.0,818495.5499999999
2025-06-06,LPG Tanker,west_east,94634.0,713729.628
2025-06-07,LPG Tanker,west_east,160418.0,1209872.5559999999
2025-06-08,LPG Tanker,west_east,171353.0,1292344.326
2025-06-09,LPG Tanker,west_east,288108.0,2172910.536
2025-06-10,LPG Tanker,west_east,321013.0,2421080.046
2025-06-11,LPG Tanker,west_east,0.0,0.0
2025-06-12,LPG Tanker,west_east,204684.0,1543726.728
2025-06-13,LPG Tanker,west_east,107106.0,807793.4519999999
2025-06-14,LPG Tanker,west_east,380260.0,2867920.92
2025-06-15,LPG Tanker,west_east,238531.0,1799000.802
2025-06-16,LPG Tanker,west_east,223798.0,1687884.516
2025-06-17,LPG Tanker,west_east,165518.0,1248336.756
2025-06-18,LPG Tanker,west_east,54966.0,414553.572
2025-06-19,LPG Tanker,west_east,241101.0,1818383.7419999999
2025-06-20,LPG Tanker,west_east,82576.0,622788.192
2025-06-21,LPG Tanker,west_east,77945.0,587861.19
2025-06-22,LPG Tanker,west_east,168186.0,1268458.812
2025-06-23,LPG Tanker,west_east,64220.0,484347.24
2025-06-24,LPG Tanker,west_east,146535.0,1105166.97
2025-06-25,LPG Tanker,west_east,35164.0,265206.888
2025-06-26,LPG Tanker,west_east,230313.0,1737020.646
2025-06-27,LPG Tanker,west_east,216228.0,1630791.576
2025-06-28,LPG Tanker,west_east,190468.0,1436509.656
2025-06-29,LPG Tanker,west_east,72523.0,546968.466
2025-06-30,LPG Tanker,west_east,252514.0,1904460.588
2025-07-01,LPG Tanker,west_east,10598.0,79930.116
2025-07-02,LPG Tanker,west_east,151548.0,1142975.016
2025-07-03,LPG Tanker,west_east,193711.0,1460968.362
2025-07-04,LPG Tanker,west_east,227796.0,1718037.432
2025-07-05,LPG Tanker,west_east,199495.0,1504591.29
2025-07-06,LPG Tanker,west_east,188038.0,1418182.596
2025-07-07,LPG Tanker,west_east,269017.0,2028926.214
2025-07-08,LPG Tanker,west_east,137311.0,1035599.5619999999
2025-07-09,LPG Tanker,west_east,177563.0,1339180.146
2025-07-10,LPG Tanker,west_east,60010.0,452595.42
2025-07-11,LPG Tanker,west_east,212610.0,1603504.6199999999
2025-07-12,LPG Tanker,west_east,128289.0,967555.6379999999
2025-07-13,LPG Tanker,west_east,135887.0,1024859.754
2025-07-14,LPG Tanker,west_east,171760.0,1295413.92
2025-07-15,LPG Tanker,west_east,396221.0,2988298.782
2025-07-16,LPG Tanker,west_east,153250.0,1155811.5
2025-07-17,LPG Tanker,west_east,226222.0,1706166.324
2025-07-18,LPG Tanker,west_east,116589.0,879314.238
2025-07-19,LPG Tanker,west_east,139888.0,1055035.296
2025-07-20,LPG Tanker,west_east,156032.0,1176793.344
2025-07-21,LPG Tanker,west_east,149963.0,1131020.946
2025-07-22,LPG Tanker,west_east,208608.0,1573321.5359999998
2025-07-23,LPG Tanker,west_east,161657.0,1219217.094
2025-07-24,LPG Tanker,west_east,81881.0,617546.502
2025-07-25,LPG Tanker,west_east,170118.0,1283029.956
2025-07-26,LPG Tanker,west_east,228347.0,1722193.074
2025-07-27,LPG Tanker,west_east,136384.0,1028608.128
2025-07-28,LPG Tanker,west_east,271658.0,2048844.636
2025-07-29,LPG Tanker,west_east,207470.0,1564738.74
2025-07-30,LPG Tanker,west_east,0.0,0.0
2025-07-31,LPG Tanker,west_east,64046.0,483034.932
2025-08-01,LPG Tanker,west_east,177216.0,1336563.072
2025-08-02,LPG Tanker,west_east,194386.0,1466059.212
2025-08-03,LPG Tanker,west_east,293296.0,2212038.432
2025-08-04,LPG Tanker,west_east,64765.0,488457.63
2025-08-05,LPG Tanker,west_east,143006.0,1078551.2519999999
2025-08-06,LPG Tanker,west_east,146247.0,1102994.874
2025-08-07,LPG Tanker,west_east,54490.0,410963.58
2025-08-08,LPG Tanker,west_east,26534.0,200119.42799999999
2025-08-09,LPG Tanker,west_east,443655.0,3346046.01
2025-08-10,LPG Tanker,west_east,122019.0,920267.298
2025-08-11,LPG Tanker,west_east,119133.0,898501.086
2025-08-12,LPG Tanker,west_east,152367.0,1149151.9139999999
2025-08-13,LPG Tanker,west_east,175032.0,1320091.344
2025-08-14,LPG Tanker,west_east,217008.0,1636674.336
2025-08-15,LPG Tanker,west_east,190949.0,1440137.358
2025-08-16,LPG Tanker,west_east,183811.0,1386302.562
2025-08-17,LPG Tanker,west_east,136634.0,1030493.628
2025-08-18,LPG Tanker,west_east,249995.0,1885462.29
2025-08-19,LPG Tanker,west_east,237863.0,1793962.746
2025-08-20,LPG Tanker,west_east,208278.0,1570832.676
2025-08-21,LPG Tanker,west_east,109037.0,822357.054
2025-08-22,LPG Tanker,west_east,169946.0,1281732.732
2025-08-23,LPG Tanker,west_east,81942.0,618006.564
2025-08-24,LPG Tanker,west_east,164300.0,1239150.5999999999
2025-08-25,LPG Tanker,west_east,194686.0,1468321.812
2025-08-26,LPG Tanker,west_east,200021.0,1508558.382
2025-08-27,LPG Tanker,west_east,92286.0,696021.012
2025-08-28,LPG Tanker,west_east,309194.0,2331941.148
2025-08-29,LPG Tanker,west_east,126950.0,957456.9
2025-08-30,LPG Tanker,west_east,196664.0,1483239.888
2025-08-31,LPG Tanker,west_east,79725.0,601285.95
2025-09-01,LPG Tanker,west_east,83807.0,632072.394
2025-09-02,LPG Tanker,west_east,173301.0,1307036.142
2025-09-03,LPG Tanker,west_east,109062.0,822545.6039999999
2025-09-04,LPG Tanker,west_east,201419.0,1519102.098
2025-09-05,LPG Tanker,west_east,286493.0,2160730.206
2025-09-06,LPG Tanker,west_east,81624.0,615608.208
2025-09-07,LPG Tanker,west_east,230711.0,1740022.362
2025-09-08,LPG Tanker,west_east,73994.0,558062.748
2025-09-09,LPG Tanker,west_east,382240.0,2882854.08
2025-09-10,LPG Tanker,west_east,125424.0,945947.808
2025-09-11,LPG Tanker,west_east,124156.0,936384.552
2025-09-12,LPG Tanker,west_east,97478.0,735179.076
2025-09-13,LPG Tanker,west_east,244397.0,1843242.1739999999
2025-09-14,LPG Tanker,west_east,166205.0,1253518.1099999999
2025-09-15,LPG Tanker,west_east,148518.0,1120122.756
2025-09-16,LPG Tanker,west_east,228782.0,1725473.844
2025-09-17,LPG Tanker,west_east,191730.0,1446027.66
2025-09-18,LPG Tanker,west_east,214017.0,1614116.214
2025-09-19,LPG Tanker,west_east,154332.0,1163971.944
2025-09-20,LPG Tanker,west_east,108863.0,821044.7459999999
2025-09-21,LPG Tanker,west_east,305418.0,2303462.556
2025-09-22,LPG Tanker,west_east,162860.0,1228290.1199999999
2025-09-23,LPG Tanker,west_east,204726.0,1544043.4919999999
2025-09-24,LPG Tanker,west_east,131475.0,991584.45
2025-09-25,LPG Tanker,west_east,187817.0,1416515.814
2025-09-26,LPG Tanker,west_east,107556.0,811187.352
2025-09-27,LPG Tanker,west_east,305843.0,2306667.906
2025-09-28,LPG Tanker,west_east,170530.0,1286137.26
2025-09-29,LPG Tanker,west_east,216505.0,1632880.71
2025-09-30,LPG Tanker,west_east,169514.0,1278474.588
2025-10-01,LPG Tanker,west_east,49618.0,374218.956
2025-10-02,LPG Tanker,west_east,314343.0,2370774.906
2025-10-03,LPG Tanker,west_east,116639.0,879691.338
2025-10-04,LPG Tanker,west_east,338131.0,2550184.002
2025-10-05,LPG Tanker,west_east,92691.0,699075.522
2025-10-06,LPG Tanker,west_east,78865.0,594799.83
2025-10-07,LPG Tanker,west_east,11253.0,84870.126
2025-10-08,LPG Tanker,west_east,307945.0,2322521.19
2025-10-09,LPG Tanker,west_east,100083.0,754825.986
2025-10-10,LPG Tanker,west_east,240552.0,1814243.184
2025-10-11,LPG Tanker,west_east,175615.0,1324488.33
2025-10-12,LPG Tanker,west_east,111197.0,838647.774
2025-10-13,LPG Tanker,west_east,0.0,0.0
2025-10-14,LPG Tanker,west_east,131041.0,988311.222
2025-10-15,LPG Tanker,west_east,41404.0,312268.968
2025-10-16,LPG Tanker,west_east,356526.0,2688919.0919999997
2025-10-17,LPG Tanker,west_east,194438.0,1466451.396
2025-10-18,LPG Tanker,west_east,135930.0,1025184.0599999999
2025-10-19,LPG Tanker,west_east,165674.0,1249513.308
2025-10-20,LPG Tanker,west_east,116512.0,878733.504
2025-10-21,LPG Tanker,west_east,83756.0,631687.752
2025-10-22,LPG Tanker,west_east,85605.0,645632.91
2025-10-23,LPG Tanker,west_east,187076.0,1410927.192
2025-10-24,LPG Tanker,west_east,282211.0,2128435.3619999997
2025-10-25,LPG Tanker,west_east,137639.0,1038073.338
2025-10-26,LPG Tanker,west_east,59351.0,447625.24199999997
2025-10-27,LPG Tanker,west_east,35122.0,264890.124
2025-10-28,LPG Tanker,west_east,269483.0,2032440.7859999998
2025-10-29,LPG Tanker,west_east,165921.0,1251376.182
2025-10-30,LPG Tanker,west_east,227827.0,1718271.234
2025-10-31,LPG Tanker,west_east,54478.0,410873.076
2025-11-01,LPG Tanker,west_east,123521.0,931595.382
2025-11-02,LPG Tanker,west_east,197129.0,1486746.918
2025-11-03,LPG Tanker,west_east,0.0,0.0
2025-11-04,LPG Tanker,west_east,131094.0,988710.948
2025-11-05,LPG Tanker,west_east,248607.0,1874993.994
2025-11-06,LPG Tanker,west_east,246212.0,1856930.9039999999
2025-11-07,LPG Tanker,west_east,147777.0,1114534.134
2025-11-08,LPG Tanker,west_east,324707.0,2448940.194
2025-11-09,LPG Tanker,west_east,253499.0,1911889.4579999999
2025-11-10,LPG Tanker,west_east,16075.0,121237.65
2025-11-11,LPG Tanker,west_east,96246.0,725887.3319999999
2025-11-12,LPG Tanker,west_east,208596.0,1573231.032
2025-11-13,LPG Tanker,west_east,58144.0,438522.048
2025-11-14,LPG Tanker,west_east,282474.0,2130418.908
2025-11-15,LPG Tanker,west_east,331449.0,2499788.358
2025-11-16,LPG Tanker,west_east,81480.0,614522.16
2025-11-17,LPG Tanker,west_east,200431.0,1511650.602
2025-11-18,LPG Tanker,west_east,8102.0,61105.284
2025-11-19,LPG Tanker,west_east,142214.0,1072577.988
2025-11-20,LPG Tanker,west_east,247561.0,1867105.062
2025-11-21,LPG Tanker,west_east,145539.0,1097655.138
2025-11-22,LPG Tanker,west_east,79455.0,599249.61
2025-11-23,LPG Tanker,west_east,304067.0,2293273.314
2025-11-24,LPG Tanker,west_east,151774.0,1144679.508
2025-11-25,LPG Tanker,west_east,119363.0,900235.7459999999
2025-11-26,LPG Tanker,west_east,93964.0,708676.488
2025-11-27,LPG Tanker,west_east,112477.0,848301.534
2025-11-28,LPG Tanker,west_east,93735.0,706949.37
2025-11-29,LPG Tanker,west_east,230168.0,1735927.0559999999
2025-11-30,LPG Tanker,west_east,229931.0,1734139.602
2025-12-01,LPG Tanker,west_east,104234.0,786132.828
2025-12-02,LPG Tanker,west_east,188902.0,1424698.884
2025-12-03,LPG Tanker,west_east,160960.0,1213960.32
2025-12-04,LPG Tanker,west_east,125927.0,949741.434
2025-12-05,LPG Tanker,west_east,56097.0,423083.57399999996
2025-12-06,LPG Tanker,west_east,163870.0,1235907.54
2025-12-07,LPG Tanker,west_east,80337.0,605901.654
2025-12-08,LPG Tanker,west_east,106416.0,802589.472
2025-12-09,LPG Tanker,west_east,197360.0,1488489.1199999999
2025-12-10,LPG Tanker,west_east,132288.0,997716.096
2025-12-11,LPG Tanker,west_east,171451.0,1293083.442
2025-12-12,LPG Tanker,west_east,193820.0,1461790.44
2025-12-13,LPG Tanker,west_east,26616.0,200737.872
2025-12-14,LPG Tanker,west_east,54501.0,411046.542
2025-12-15,LPG Tanker,west_east,65966.0,497515.572
2025-12-16,LPG Tanker,west_east,189581.0,1429819.902
2025-12-17,LPG Tanker,west_east,118836.0,896261.112
2025-12-18,LPG Tanker,west_east,324805.0,2449679.31
2025-12-19,LPG Tanker,west_east,107831.0,813261.402
2025-12-20,LPG Tanker,west_east,18110.0,136585.62
2025-12-21,LPG Tanker,west_east,108813.0,820667.646
2025-12-22,LPG Tanker,west_east,161823.0,1220469.0659999999
2025-12-23,LPG Tanker,west_east,189272.0,1427489.4239999999
2025-12-24,LPG Tanker,west_east,184577.0,1392079.734
2025-12-25,LPG Tanker,west_east,135973.0,1025508.3659999999
2025-12-26,LPG Tanker,west_east,80175.0,604679.85
2025-12-27,LPG Tanker,west_east,257748.0,1943935.416
2025-12-28,LPG Tanker,west_east,26361.0,198814.66199999998
2025-12-29,LPG Tanker,west_east,112381.0,847577.502
2025-12-30,LPG Tanker,west_east,73163.0,551795.346
2025-12-31,LPG Tanker,west_east,57224.0,431583.408
2026-01-01,LPG Tanker,west_east,84695.0,638769.69
2026-01-02,LPG Tanker,west_east,34102.0,257197.28399999999
2026-01-03,LPG Tanker,west_east,108810.0,820645.02
2026-01-04,LPG Tanker,west_east,408886.0,3083818.212
2026-01-05,LPG Tanker,west_east,189420.0,1428605.64
2026-01-06,LPG Tanker,west_east,164600.0,1241413.2
2026-01-07,LPG Tanker,west_east,157486.0,1187759.412
2026-01-08,LPG Tanker,west_east,58564.0,441689.68799999997
2026-01-09,LPG Tanker,west_east,307298.0,2317641.516
2026-01-10,LPG Tanker,west_east,104398.0,787369.716
2026-01-11,LPG Tanker,west_east,252507.0,1904407.794
2026-01-12,LPG Tanker,west_east,232589.0,1754186.238
2026-01-13,LPG Tanker,west_east,111468.0,840691.656
2026-01-14,LPG Tanker,west_east,117562.0,886652.6039999999
2026-01-15,LPG Tanker,west_east,230257.0,1736598.294
2026-01-16,LPG Tanker,west_east,54747.0,412901.874
2026-01-17,LPG Tanker,west_east,63188.0,476563.896
2026-01-18,LPG Tanker,west_east,97329.0,734055.318
2026-01-19,LPG Tanker,west_east,80276.0,605441.592
2026-01-20,LPG Tanker,west_east,142856.0,1077419.952
2026-01-21,LPG Tanker,west_east,158268.0,1193657.256
2026-01-22,LPG Tanker,west_east,115876.0,873936.792
2026-01-23,LPG Tanker,west_east,55056.0,415232.352
2026-01-24,LPG Tanker,west_east,82616.0,623089.872
2026-01-25,LPG Tanker,west_east,172038.0,1297510.596
2026-01-26,LPG Tanker,west_east,0.0,0.0
2026-01-27,LPG Tanker,west_east,109004.0,822108.168
2026-01-28,LPG Tanker,west_east,155198.0,1170503.3159999999
2026-01-29,LPG Tanker,west_east,259246.0,1955233.332
2026-01-30,LPG Tanker,west_east,197877.0,1492388.334
2026-01-31,LPG Tanker,west_east,264575.0,1995424.65
2026-02-01,LPG Tanker,west_east,85235.0,642842.37
2026-02-02,LPG Tanker,west_east,222635.0,1679113.17
2026-02-03,LPG Tanker,west_east,171370.0,1292472.54
2026-02-04,LPG Tanker,west_east,193143.0,1456684.506
2026-02-05,LPG Tanker,west_east,268434.0,2024529.228
2026-02-06,LPG Tanker,west_east,145301.0,1095860.142
2026-02-07,LPG Tanker,west_east,228363.0,1722313.746
2026-02-08,LPG Tanker,west_east,225369.0,1699732.998
2026-02-09,LPG Tanker,west_east,166493.0,1255690.206
2026-02-10,LPG Tanker,west_east,56009.0,422419.87799999997
2026-02-11,LPG Tanker,west_east,140234.0,1057644.828
2026-02-12,LPG Tanker,west_east,160358.0,1209420.036
2026-02-13,LPG Tanker,west_east,164858.0,1243359.036
2026-02-14,LPG Tanker,west_east,80292.0,605562.264
2026-02-15,LPG Tanker,west_east,210901.0,1590615.342
2026-02-16,LPG Tanker,west_east,294200.0,2218856.4
2026-02-17,LPG Tanker,west_east,81668.0,615940.056
2026-02-18,LPG Tanker,west_east,138021.0,1040954.382
2026-02-19,LPG Tanker,west_east,55091.0,415496.322
2026-02-20,LPG Tanker,west_east,211450.0,1594755.9
2026-02-21,LPG Tanker,west_east,212767.0,1604688.714
2026-02-22,LPG Tanker,west_east,308266.0,2324942.172
2026-02-23,LPG Tanker,west_east,157751.0,1189758.042
2026-02-24,LPG Tanker,west_east,194147.0,1464256.6739999999
2026-02-25,LPG Tanker,west_east,28104.0,211960.368
2026-02-26,LPG Tanker,west_east,190426.0,1436192.892
2026-02-27,LPG Tanker,west_east,60633.0,457294.086
2026-02-28,LPG Tanker,west_east,115895.0,874080.09
2026-03-01,LPG Tanker,west_east,54867.0,413806.914
2026-03-02,LPG Tanker,west_east,0.0,0.0
2026-03-03,LPG Tanker,west_east,50357.0,379792.494
2026-03-04,LPG Tanker,west_east,0.0,0.0
2026-03-05,LPG Tanker,west_east,0.0,0.0
2026-03-06,LPG Tanker,west_east,56824.0,428566.608
2026-03-07,LPG Tanker,west_east,0.0,0.0
2026-03-08,LPG Tanker,west_east,0.0,0.0
2026-03-09,LPG Tanker,west_east,0.0,0.0
2026-03-10,LPG Tanker,west_east,49242.0,371383.164
2026-03-11,LPG Tanker,west_east,0.0,0.0
2026-03-12,LPG Tanker,west_east,0.0,0.0
2026-03-13,LPG Tanker,west_east,54534.0,411295.428
2026-03-14,LPG Tanker,west_east,0.0,0.0
2026-03-15,LPG Tanker,west_east,49849.0,375961.158
2026-03-16,LPG Tanker,west_east,0.0,0.0
2026-03-17,LPG Tanker,west_east,49679.0,374679.018
2026-03-18,LPG Tanker,west_east,0.0,0.0
2026-03-19,LPG Tanker,west_east,0.0,0.0
2026-03-20,LPG Tanker,west_east,0.0,0.0
2026-03-21,LPG Tanker,west_east,0.0,0.0
2026-03-22,LPG Tanker,west_east,0.0,0.0
2026-03-23,LPG Tanker,west_east,113063.0,852721.146
2026-03-24,LPG Tanker,west_east,23503.0,177259.626
2026-03-25,LPG Tanker,west_east,0.0,0.0
2026-03-26,LPG Tanker,west_east,99300.0,748920.6
2026-03-27,LPG Tanker,west_east,0.0,0.0
2026-03-28,LPG Tanker,west_east,116700.0,880151.4
2026-03-29,LPG Tanker,west_east,0.0,0.0
2026-03-30,LPG Tanker,west_east,0.0,0.0
2026-03-31,LPG Tanker,west_east,0.0,0.0
2026-04-01,LPG Tanker,west_east,0.0,0.0
2026-04-02,LPG Tanker,west_east,0.0,0.0
2026-04-03,LPG Tanker,west_east,131418.0,991154.556
2026-04-04,LPG Tanker,west_east,0.0,0.0
2026-04-05,LPG Tanker,west_east,26424.0,199289.808
2026-04-06,LPG Tanker,west_east,23292.0,175668.264
2026-04-07,LPG Tanker,west_east,169403.0,1277637.426
2026-04-08,LPG Tanker,west_east,0.0,0.0
2026-04-09,LPG Tanker,west_east,0.0,0.0
2026-04-10,LPG Tanker,west_east,0.0,0.0
2026-04-11,LPG Tanker,west_east,55698.0,420074.316
2026-04-12,LPG Tanker,west_east,0.0,0.0
2026-04-13,LPG Tanker,west_east,0.0,0.0
2026-04-14,LPG Tanker,west_east,0.0,0.0
2026-04-15,LPG Tanker,west_east,0.0,0.0
2026-04-16,LPG Tanker,west_east,0.0,0.0
2026-04-17,LPG Tanker,west_east,0.0,0.0
2026-04-18,LPG Tanker,west_east,163923.0,1236307.266
2026-04-19,LPG Tanker,west_east,7237.0,54581.454
2026-04-20,LPG Tanker,west_east,49996.0,377069.832
2026-04-21,LPG Tanker,west_east,0.0,0.0
2026-04-22,LPG Tanker,west_east,29121.0,219630.582
2026-04-23,LPG Tanker,west_east,0.0,0.0
2026-04-24,LPG Tanker,west_east,23256.0,175396.752
2026-04-25,LPG Tanker,west_east,5996.0,45221.832
2026-04-26,LPG Tanker,west_east,0.0,0.0
2026-04-27,LPG Tanker,west_east,49874.0,376149.708
2026-04-28,LPG Tanker,west_east,3000.0,22626.0
2026-04-29,LPG Tanker,west_east,0.0,0.0
2026-04-30,LPG Tanker,west_east,0.0,0.0
2026-05-01,LPG Tanker,west_east,0.0,0.0
2026-05-02,LPG Tanker,west_east,54784.0,413180.928
2026-05-03,LPG Tanker,west_east,0.0,0.0
2026-05-04,LPG Tanker,west_east,23257.0,175404.294
2026-05-05,LPG Tanker,west_east,0.0,0.0
2026-05-06,LPG Tanker,west_east,0.0,0.0
2026-05-07,LPG Tanker,west_east,0.0,0.0
2026-05-08,LPG Tanker,west_east,0.0,0.0
2026-05-09,LPG Tanker,west_east,0.0,0.0
2026-05-10,LPG Tanker,west_east,0.0,0.0
2026-05-11,LPG Tanker,west_east,53208.0,401294.736
2026-05-12,LPG Tanker,west_east,49996.0,377069.832
2026-05-13,LPG Tanker,west_east,56906.0,429185.05199999997
2026-05-14,LPG Tanker,west_east,54975.0,414621.45
2026-05-15,LPG Tanker,west_east,18111.0,136593.162
2026-05-16,LPG Tanker,west_east,0.0,0.0
2026-05-17,LPG Tanker,west_east,2858.0,21555.036
2026-05-18,LPG Tanker,west_east,0.0,0.0
2026-05-19,LPG Tanker,west_east,0.0,0.0
2026-05-20,LPG Tanker,west_east,0.0,0.0
2026-05-21,LPG Tanker,west_east,0.0,0.0
2026-05-22,LPG Tanker,west_east,0.0,0.0
2026-05-23,LPG Tanker,west_east,0.0,0.0
2026-05-24,LPG Tanker,west_east,0.0,0.0
2026-05-25,LPG Tanker,west_east,0.0,0.0
2026-05-26,LPG Tanker,west_east,0.0,0.0
